country,year,ovi_gas,lng_capacity_bcm,pipeline_capacity_bcm,total_capacity_bcm,gas_consumption_bcm
ARE,2001,0.2955571060909351,0.0,9.3020688,9.3020688,31.473000000000003
ARE,2002,0.26181622899603146,0.0,9.3020688,9.3020688,35.528999999999996
ARE,2003,0.2518633417269109,0.0,9.3020688,9.3020688,36.93300000000001
ARE,2004,0.23726892277083772,0.0,9.3020688,9.3020688,39.204750000000004
ARE,2005,0.22688664410500325,0.0,9.3020688,9.3020688,40.998749999999994
ARE,2006,0.2200319046267386,0.0,9.3020688,9.3020688,42.275999999999996
ARE,2007,0.1940427906246735,0.0,9.3020688,9.3020688,47.93823450000001
ARE,2008,0.33864675509383474,0.0,19.6320688,19.6320688,57.972115499999994
ARE,2009,0.34090511910732413,0.0,19.6320688,19.6320688,57.58807275
ARE,2010,0.49588752213500475,8.16,21.2320688,29.3920688,59.271644249999994
ARE,2011,0.47686417277264964,8.16,21.2320688,29.3920688,61.63614395500624
ARE,2012,0.45974853728448367,8.16,21.2320688,29.3920688,63.93074999999999
ARE,2013,0.4564750893166842,8.16,21.3333579936,29.4933579936,64.61110076729442
ARE,2014,0.466554664670675,8.16,21.637225574400002,29.797225574400002,63.8665258988094
ARE,2015,0.418141747595988,8.16,21.637225574400002,29.797225574400002,71.26106337315625
ARE,2016,0.48877440054011306,13.328,21.637225574400002,34.9652255744,71.53653206011236
ARE,2017,0.5325457139689287,13.328,21.637225574400002,34.9652255744,65.6567589546689
ARE,2018,0.7439132137419876,13.328,29.905731174400003,43.233731174400006,58.116632929435795
ARE,2019,0.6451060236871048,13.328,29.905731174400003,43.233731174400006,67.0180243044353
ARE,2020,0.6387646904862856,13.328,29.905731174400003,43.233731174400006,67.68334539826641
ARE,2021,0.6618331106978501,13.328,29.905731174400003,43.233731174400006,65.3242191657856
ARE,2022,0.6508882125840092,13.328,29.905731174400003,43.233731174400006,66.42266726994981
ARE,2023,0.645183387920962,13.328,29.905731174400003,43.233731174400006,67.00998814262147
ARE,2024,0.6059876990464603,13.328,29.905731174400003,43.233731174400006,71.3442389052279
ARG,2004,0.04564085671691461,0.0,1.68,1.68,36.80912500000001
ARG,2005,0.04276006006770343,0.0,1.68,1.68,39.289
ARG,2006,0.05680408098891772,0.0,2.30911429424,2.30911429424,40.65050000000001
ARG,2007,0.05645538498883222,0.0,2.41133369472,2.41133369472,42.71220000000001
ARG,2008,0.055832481619218895,0.0,2.41133369472,2.41133369472,43.18872500000001
ARG,2009,0.06383201513930395,0.0,2.67044798896,2.67044798896,41.83555827169394
ARG,2010,0.12415625967686454,0.0,5.22541621936,5.22541621936,42.08741655845574
ARG,2011,0.31479344896487255,8.296,5.50447828336,13.80047828336,43.83978868918578
ARG,2012,0.30221651670046096,8.296,5.50447828336,13.80047828336,45.66420933584584
ARG,2013,0.29982991963166555,8.296,5.50447828336,13.80047828336,46.027688965509455
ARG,2014,0.2990030233649187,8.296,5.50447828336,13.80047828336,46.15497906359691
ARG,2015,0.2958139025672234,8.296,5.50447828336,13.80047828336,46.6525682653602
ARG,2016,0.36196793681001355,8.296,9.15447828336,17.45047828336,48.210011188143575
ARG,2017,0.3612933326606603,8.296,9.15447828336,17.45047828336,48.300028552561514
ARG,2018,0.358310288891651,8.296,9.15447828336,17.45047828336,48.7021412009657
ARG,2019,0.4626499081362447,8.296,13.24447828336,21.54047828336,46.55891615786638
ARG,2020,0.4903225143188132,8.296,13.24447828336,21.54047828336,43.93124454683747
ARG,2021,0.46894338754897497,8.296,13.24447828336,21.54047828336,45.93406977320984
ARG,2022,0.4697645425886906,8.296,13.24447828336,21.54047828336,45.85377637200705
ARG,2023,0.8367640201702874,8.296,29.31447828336,37.610478283359996,44.94753284887416
ARG,2024,0.9637174509568397,8.296,35.67125988336,43.96725988336,45.62256275395503
AUS,2000,0.17222866474484685,0.0,3.540173899601018,3.540173899601018,20.555079520855084
AUS,2001,0.15968798508132198,0.0,3.540173899601018,3.540173899601018,22.169319111880363
AUS,2002,0.20768369489292074,0.0,4.738265502654453,4.738265502654453,22.814817047132404
AUS,2003,0.20606270731318924,0.0,4.738265502654453,4.738265502654453,22.99428928424632
AUS,2004,0.4368528265347036,0.0,10.245771863977609,10.245771863977609,23.4536009421097
AUS,2005,0.6629800534649049,0.0,15.420241326642241,15.420241326642241,23.258982296755505
AUS,2006,0.6402001693510218,0.0,16.608753382048246,16.608753382048246,25.94306308741644
AUS,2007,0.9904786902819889,0.0,28.743508844288243,28.743508844288243,29.01981549558121
AUS,2008,1.0347713331946053,0.0,29.527156462528247,29.527156462528247,28.534957932561117
AUS,2009,1.5490367307780155,0.0,45.13340693051033,45.13340693051033,29.136434297359582
AUS,2010,1.4234782001906832,0.0,45.13340693051033,45.13340693051033,31.706426501273043
AUS,2011,1.4765876373948716,0.0,48.84841965315664,48.84841965315664,33.0819643995797
AUS,2012,1.4675871725278162,0.0,48.84841965315664,48.84841965315664,33.28485051352599
AUS,2013,1.3956498334350422,0.0,48.84841965315664,48.84841965315664,35.000483991696186
AUS,2014,1.6731672678701222,0.0,62.85712855331664,62.85712855331664,37.56774935797743
AUS,2015,2.100903823655062,0.0,81.92465962893965,81.92465962893965,38.9949595533653
AUS,2016,2.1636421387243807,0.0,82.11598278415593,82.11598278415593,37.952663850672224
AUS,2017,2.281246660603413,0.0,85.05491974335592,85.05491974335592,37.284402959238975
AUS,2018,2.8085587459740347,0.0,104.45249073979359,104.45249073979359,37.19078010724269
AUS,2019,2.586830883900549,0.0,113.96811142863959,113.96811142863959,44.05703988534145
AUS,2020,2.6931775931508253,0.0,113.96811142863959,113.96811142863959,42.31733982878754
AUS,2021,2.87974890723881,0.0,113.96811142863959,113.96811142863959,39.575711320580254
AUS,2022,2.7938211278999345,0.0,120.7681114286396,120.7681114286396,43.22685880732058
AUS,2023,3.1457549507193177,0.0,121.51111397316886,121.51111397316886,38.62701191819909
AUS,2024,3.2847608310580556,0.0,121.51111397316886,121.51111397316886,36.99237789986337
AUT,2007,1.6137609221583233,0.0,13.67,13.67,8.470895417220209
AUT,2008,1.5074066586234964,0.0,13.67,13.67,9.068554873230358
AUT,2009,1.5477958905342342,0.0,13.67,13.67,8.831913874174772
AUT,2010,1.4220604594123518,0.0,13.67,13.67,9.612812106208867
AUT,2011,1.5118659853816658,0.0,13.67,13.67,9.041806702562365
AUT,2012,1.5850852928788433,0.0,13.67,13.67,8.624141591253078
AUT,2013,1.666979426999106,0.0,13.67,13.67,8.200461132630002
AUT,2014,1.82000325569497,0.0,13.67,13.67,7.510975575030001
AUT,2015,1.7155919951691867,0.0,13.67,13.67,7.968095000729998
AUT,2016,1.6386583785174986,0.0,13.67,13.67,8.34219028152
AUT,2017,1.507190769388922,0.0,13.67,13.67,9.06985384839
AUT,2018,1.5736304366984206,0.0,13.67,13.67,8.686918911330002
AUT,2019,1.5358789461144957,0.0,13.67,13.67,8.900441037090001
AUT,2020,1.6030962931927368,0.0,13.67,13.67,8.527248212130003
AUT,2021,1.5162875987119986,0.0,13.67,13.67,9.01544008644
AUT,2022,1.72757515097544,0.0,13.67,13.67,7.912825090290002
AUT,2023,1.9865494237605272,0.0,13.67,13.67,6.881278581090001
AUT,2024,2.0038481982683205,0.0,13.67,13.67,6.82187403807
Azerbaijan,2007,0.6260695100619503,0.0,5.5,5.5,8.784967023
Azerbaijan,2008,0.5472215961512175,0.0,5.5,5.5,10.050772920300002
Azerbaijan,2009,0.850619823514553,0.0,7.3,7.3,8.5819772808
Azerbaijan,2010,0.894824676115179,0.0,7.3,7.3,8.15802267735
Azerbaijan,2011,0.8170549170668208,0.0,7.3,7.3,8.934527958300002
Azerbaijan,2012,0.7785373679404514,0.0,7.3,7.3,9.376556990850002
Azerbaijan,2013,0.7750976703871274,0.0,7.3,7.3,9.4181679018
Azerbaijan,2014,0.740782379744228,0.0,7.3,7.3,9.85444605542655
Azerbaijan,2015,0.6549110139659773,0.0,7.3,7.3,11.1465525
Azerbaijan,2016,0.6678469871066648,0.0,7.3,7.3,10.930647500000003
Azerbaijan,2017,0.6876021100907493,0.0,7.3,7.3,10.616605
Azerbaijan,2018,0.6749377358381536,0.0,7.3,7.3,10.8158125
Azerbaijan,2019,0.6192089319616088,0.0,7.3,7.3,11.789235625000002
Azerbaijan,2020,0.5902907282914014,0.0,7.3,7.3,12.366787500000001
Azerbaijan,2021,0.5695365065098803,0.0,7.3,7.3,12.81744
Azerbaijan,2022,0.5361253960580462,0.0,7.3,7.3,13.6162175
Azerbaijan,2023,0.5212801927451365,0.0,7.3,7.3,14.003985
Azerbaijan,2024,0.5716967430710649,0.0,7.3,7.3,12.769007499999999
BEL,2016,0.49415659822597785,0.0,8.0,8.0,16.1892
BEL,2017,0.48746305944002694,0.0,8.0,8.0,16.411499999999997
BEL,2018,0.4740993593732407,0.0,8.0,8.0,16.8741
BEL,2019,0.46011659066834676,0.0,8.0,8.0,17.386897499999996
BEL,2020,0.4706386213112228,0.0,8.0,8.0,16.998179999999998
BEL,2021,0.471680800630991,0.0,8.0,8.0,16.9606225
BEL,2022,0.5496980269756606,0.0,8.0,8.0,14.553444996
BEL,2023,0.5813530993387108,0.0,8.0,8.0,13.761000000000001
BEL,2024,1.0860602134346369,6.392,8.0,14.392,13.251567290625331
BRA,2000,0.5646861796098004,0.0,5.48,5.48,9.704505259517232
BRA,2001,0.5200959754878725,0.0,6.390000000000001,6.390000000000001,12.28619389720504
BRA,2002,0.5104623439208492,0.0,7.41,7.41,14.516251959123888
BRA,2003,0.4560760036142862,0.0,7.41,7.41,16.247291989224685
BRA,2004,0.3834910722589393,0.0,7.41,7.41,19.32248371872566
BRA,2005,0.36816005398202567,0.0,7.41,7.41,20.127115692898535
BRA,2006,0.8280671121168338,0.0,17.53,17.53,21.16978170427164
BRA,2007,1.2902701185383423,0.0,28.130000000000003,28.130000000000003,21.80163641382824
BRA,2008,1.0962209406584824,0.0,28.130000000000003,28.130000000000003,25.660885462653873
BRA,2009,2.0125200655963478,11.016,30.580000000000002,41.596000000000004,20.66861379972096
BRA,2010,1.5083704885736244,11.016,30.580000000000002,41.596000000000004,27.576779256225603
BRA,2011,1.646301363992073,11.016,34.230000000000004,45.246,27.483424960715677
BRA,2012,1.3889139040936183,11.016,34.230000000000004,45.246,32.57653326577271
BRA,2013,1.1788100944735067,11.016,34.230000000000004,45.246,38.38277277410682
BRA,2014,1.3002431032620207,18.631999999999998,34.230000000000004,52.862,40.65547424737805
BRA,2015,1.2311657838736487,18.631999999999998,34.230000000000004,52.862,42.936540872407065
BRA,2016,1.6221470741545858,18.631999999999998,41.53,60.162,37.08788244823893
BRA,2017,1.5986913976772097,18.631999999999998,41.53,60.162,37.632028349818675
BRA,2018,1.676251404265394,18.631999999999998,41.53,60.162,35.8907976732557
BRA,2019,1.6836373301600867,18.631999999999998,41.53,60.162,35.73334881703981
BRA,2020,2.156907220986616,26.247999999999998,41.53,67.77799999999999,31.42369747781588
BRA,2021,1.864044887355397,33.864,41.53,75.394,40.44645089366105
BRA,2022,2.4717688002614016,37.536,41.53,79.066,31.987619550679007
BRA,2023,2.6464658245625587,37.536,41.53,79.066,29.876070669859878
BRA,2024,3.4111841277401713,58.888,48.09994783712,106.98794783712,31.363873608311195
Bangladesh,2000,1.0839750387759404,0.0,9.8188504,9.8188504,9.05818865634375
Bangladesh,2001,1.1718162243680177,0.0,11.885976800000002,11.885976800000002,10.1432089374
Bangladesh,2002,1.113843450210205,0.0,11.885976800000002,11.885976800000002,10.671137669981249
Bangladesh,2003,1.03550546375591,0.0,11.885976800000002,11.885976800000002,11.478429825843751
Bangladesh,2004,0.9631890939346722,0.0,11.885976800000002,11.885976800000002,12.340231917956249
Bangladesh,2005,1.741650799351527,0.0,23.10013752,23.10013752,13.263357688350002
Bangladesh,2006,2.075996235765056,0.0,29.81829832,29.81829832,14.363368201875
Bangladesh,2007,2.247554763775234,0.0,34.469332720000004,34.469332720000004,15.336370563937502
Bangladesh,2008,2.2815309660642895,0.0,37.36330968,37.36330968,16.3764201475875
Bangladesh,2009,2.158455439407284,0.0,40.46399928,40.46399928,18.746738311684346
Bangladesh,2010,2.101619026874305,0.0,40.46399928,40.46399928,19.25372713254375
Bangladesh,2011,2.0663716862749353,0.0,40.46399928,40.46399928,19.58214949845
Bangladesh,2012,2.017592045065834,0.0,43.047907280000004,43.047907280000004,21.336279246975003
Bangladesh,2013,2.1115911300835863,0.0,46.355309520000006,46.355309520000006,21.952786625962503
Bangladesh,2014,2.4624390922874553,0.0,56.69094152,56.69094152,23.022271575187503
Bangladesh,2015,2.732415611679984,0.0,70.64404472000001,70.64404472000001,25.854062763375005
Bangladesh,2016,2.8270556342986795,0.0,74.77829752000001,74.77829752000001,26.4509465653125
Bangladesh,2017,3.0063211518867607,0.0,79.94611352000001,79.94611352000001,26.592672399562503
Bangladesh,2018,3.137777863754829,6.12,79.94611352000001,86.06611352000002,27.429001432564384
Bangladesh,2019,2.9492789504200863,11.288,79.94611352000001,91.23411352000001,30.93437923428874
Bangladesh,2020,3.7407391942831874,11.288,100.61737752,111.90537752,29.915311308262343
Bangladesh,2021,4.466376165100466,11.288,125.42289432000001,136.71089432000002,30.608907370641244
Bangladesh,2022,4.909682193385776,11.288,129.55714712,140.84514712,28.687222832822812
Bangladesh,2023,5.007669344354582,11.288,129.55714712,140.84514712,28.125887999930026
Bangladesh,2024,5.154561239540366,11.288,129.55714712,140.84514712,27.324371672914534
Bulgaria,2013,0.5445832123148417,0.0,1.5,1.5,2.7544
Bulgaria,2014,0.5482155583575462,0.0,1.5,1.5,2.73615
Bulgaria,2015,0.7932407885746663,0.0,2.38,2.38,3.00035
Bulgaria,2016,1.3535783427465158,0.0,4.23,4.23,3.1250500000000008
Bulgaria,2017,1.3162603270424598,0.0,4.23,4.23,3.21365
Bulgaria,2018,1.961676191106296,0.0,5.93,5.93,3.022925
Bulgaria,2019,2.094758687684903,0.0,5.93,5.93,2.830875
Bulgaria,2020,8.878160683409515,0.0,25.93,25.93,2.92065
Bulgaria,2021,7.852816474863718,0.0,25.93,25.93,3.3020000000000005
Bulgaria,2022,10.701141134476314,0.0,28.93,28.93,2.7034500000000006
Bulgaria,2023,11.452889944576404,0.0,28.93,28.93,2.5260000000000002
Bulgaria,2024,10.66268612708241,0.0,28.93,28.93,2.7132000000000005
CAN,2000,0.2021467303701018,0.0,18.03567784,18.03567784,89.220725
CAN,2001,0.2146026381984289,0.0,18.03567784,18.03567784,84.04220000000001
CAN,2002,0.20620091903731172,0.0,18.03567784,18.03567784,87.466525
CAN,2003,0.20087673904714384,0.0,18.03567784,18.03567784,89.7848
CAN,2004,0.20537148768600239,0.0,18.03567784,18.03567784,87.819775
CAN,2005,0.20590612517731405,0.0,18.03567784,18.03567784,87.59175000000002
CAN,2006,0.20713165130608052,0.0,18.03567784,18.03567784,87.0735
CAN,2007,0.1925727769344175,0.0,18.03567784,18.03567784,93.656425
CAN,2008,0.19488786092002308,0.0,18.03567784,18.03567784,92.543875
CAN,2009,0.4091375091422616,10.200000000000001,26.510896080000002,36.710896080000005,89.727525
CAN,2010,0.4008960816667959,10.200000000000001,26.510896080000002,36.710896080000005,91.5721
CAN,2011,0.36509800101043455,10.200000000000001,26.510896080000002,36.710896080000005,100.55080000000001
CAN,2012,0.36923752280961675,10.200000000000001,26.510896080000002,36.710896080000005,99.42352500000001
CAN,2013,0.3481662781070308,10.200000000000001,26.510896080000002,36.710896080000005,105.44069999999999
CAN,2014,0.33421691914783597,10.200000000000001,26.510896080000002,36.710896080000005,109.841525
CAN,2015,0.33272981865262674,10.200000000000001,26.510896080000002,36.710896080000005,110.33245
CAN,2016,0.34751633722366687,10.200000000000001,26.510896080000002,36.710896080000005,105.63790000000002
CAN,2017,0.3477961254233493,10.200000000000001,27.932045480000003,38.13204548,109.639075
CAN,2018,0.3521061134856357,10.200000000000001,31.23944772,41.439447720000004,117.69022500000001
CAN,2019,0.373635370667296,10.200000000000001,34.133424680000005,44.33342468000001,118.65425
CAN,2020,0.5659853127392733,10.200000000000001,55.052743848000006,65.25274384800001,115.290525
CAN,2021,0.5854337492824225,10.200000000000001,59.249010440000006,69.44901044000001,118.62830000000001
CAN,2022,0.6206026589992206,10.200000000000001,66.63898732,76.83898732,123.8135
CAN,2023,0.6190601772449686,10.200000000000001,66.63898732,76.83898732,124.122
CAN,2024,0.5978040428491094,10.200000000000001,66.63898732,76.83898732,128.53540928527107
CHN,2000,0.003239424142190653,0.0,0.08,0.08,24.69574729596853
CHN,2001,0.1294953895948001,0.0,3.58,3.58,27.645771878072757
CHN,2002,0.3780568035943518,0.0,11.120000000000001,11.120000000000001,29.41356932153392
CHN,2003,0.7224636534438957,0.0,24.69,24.69,34.17472959685348
CHN,2004,0.8518413752217197,0.0,34.06,34.06,39.98397000983284
CHN,2005,1.7277235354184692,0.0,81.16,81.16,46.975108190757126
CHN,2006,1.9453909833145597,10.472000000000001,101.94,112.412,57.78375707718779
CHN,2007,1.844068299836989,10.472000000000001,120.60050000000001,131.07250000000002,71.07789880211405
CHN,2008,2.037673364083501,12.512,154.44050000000001,166.95250000000001,81.93290590275318
CHN,2009,2.5257628156149567,23.664,204.22050000000002,227.8845,90.2240299806283
CHN,2010,2.860869840029638,23.664,287.81050000000005,311.47450000000003,108.87405489121211
CHN,2011,3.066703847383371,42.024,372.4805,414.5045,135.1628721350681
CHN,2012,3.5275253778860254,48.144000000000005,484.08050000000003,532.2245,150.8775821533427
CHN,2013,3.689317424899308,61.74400000000001,572.3705,634.1145,171.87854200897522
CHN,2014,4.048943534946115,70.27120000000001,692.4005,762.6717,188.3631355728822
CHN,2015,4.240247066087372,75.03120000000001,750.5005,825.5317,194.6895280235988
CHN,2016,4.406402321487292,79.11120000000001,843.7705,922.8817,209.4410888219803
CHN,2017,4.148960128372989,83.3952,917.5505,1000.9457000000001,241.2521858561509
CHN,2018,3.9735271470141846,101.07520000000001,1027.1125,1128.1877,283.9260078662733
CHN,2019,4.0385739902764275,104.7472,1140.6555,1245.4027,308.376843657817
CHN,2020,4.058623920973245,114.852,1251.35085,1366.2028500000001,336.61725663716805
CHN,2021,3.720804945149425,129.812,1285.09085,1414.90285,380.2679449360865
CHN,2022,4.242362735847214,139.91680000000002,1462.20085,1602.11765,377.6474926253687
CHN,2023,4.346836667368113,184.45680000000002,1575.30835,1759.76515,404.8381120943953
CHN,2024,4.103247863117225,192.6168,1589.79835,1782.41515,434.39129427728614
Chile,2009,1.9463873333692079,5.44,0.0,5.44,2.7949216000000003
Chile,2010,1.3031917622809575,7.48,0.0,7.48,5.739753900000001
Chile,2011,1.2815865904922206,7.48,0.0,7.48,5.836515500000002
Chile,2012,1.4110977214035434,7.48,0.0,7.48,5.300837700000001
Chile,2013,1.4079777373873053,7.48,0.0,7.48,5.312584
Chile,2014,1.7004130457871218,7.48,0.0,7.48,4.398931200000001
Chile,2015,1.5504886177597255,7.48,0.0,7.48,4.824285657000001
Chile,2016,1.264303534720097,7.48,0.0,7.48,5.916300789000001
Chile,2017,1.3322416687750978,7.48,0.0,7.48,5.614596942368071
Chile,2018,1.3270248631656898,7.48,0.0,7.48,5.636669069
Chile,2019,1.4294357691411848,7.48,1.83,9.31,6.513059349000001
Chile,2020,1.4930793636207456,7.48,1.83,9.31,6.235435454297001
Chile,2021,1.3645163710359336,7.48,1.83,9.31,6.822930232
Chile,2022,1.2813700000373671,7.48,1.83,9.31,7.265660972028769
Chile,2023,1.226181627295116,7.48,1.83,9.31,7.592676152339118
Chile,2024,1.3127518644103553,7.48,1.83,9.31,7.091972407277247
Colombia,2016,0.34221383655927634,4.13,0.0,4.13,12.068477538852012
Colombia,2017,0.3490967128052618,4.13,0.0,4.13,11.83053248142115
Colombia,2018,0.3244320482908884,4.13,0.0,4.13,12.72993843165891
Colombia,2019,0.4011851421535534,4.13,1.0335632000000001,5.1635632000000005,12.870773758674368
Colombia,2020,0.4722455989218833,4.13,2.0671264000000003,6.1971264,13.122676874380147
Colombia,2021,0.49079815871522026,4.13,2.0671264000000003,6.1971264,12.62662927713999
Colombia,2022,0.49242025185977173,4.13,2.0671264000000003,6.1971264,12.585035600373272
Colombia,2023,0.47471416291592083,4.13,2.0671264000000003,6.1971264,13.054437562878457
Colombia,2024,0.4607551201077838,4.13,2.0671264000000003,6.1971264,13.449934964478127
Croatia,2011,2.341789796487315,0.0,7.0,7.0,2.9891666666666667
Croatia,2012,2.494116063493069,0.0,7.0,7.0,2.8066055555555556
Croatia,2013,2.637732554853323,0.0,7.0,7.0,2.653794444444445
Croatia,2014,2.9805356826893323,0.0,7.0,7.0,2.348571111111111
Croatia,2015,2.8910912171402248,0.0,7.0,7.0,2.4212311111111107
Croatia,2016,2.772987405355299,0.0,7.0,7.0,2.524353333333333
Croatia,2017,2.414070351566238,0.0,7.0,7.0,2.8996669444444447
Croatia,2018,2.625817285630151,0.0,7.0,7.0,2.6658366666666677
Croatia,2019,2.5016598314437197,0.0,7.0,7.0,2.7981422222222223
Croatia,2020,2.8844721720364257,0.0,8.47114503816794,8.47114503816794,2.93680941708907
Croatia,2021,4.8496528873308975,2.6,11.101145038167939,13.701145038167938,2.82518055549098
Croatia,2022,5.6444590824634595,2.9,11.101145038167939,14.00114503816794,2.480511388888889
Croatia,2023,5.600136123903194,2.9,11.101145038167939,14.00114503816794,2.500143698008789
Croatia,2024,5.919274607772911,2.9,11.101145038167939,14.00114503816794,2.3653481154231804
Czech Republic,2022,0.6708371840878588,0.0,4.948396946564886,4.948396946564886,7.37645
Czech Republic,2023,0.7388423959036784,0.0,4.948396946564886,4.948396946564886,6.6975
Czech Republic,2024,0.7397812747144394,0.0,4.948396946564886,4.948396946564886,6.689
DEU,2011,0.43284302981876244,0.0,35.0,35.0,80.86072222222222
DEU,2012,0.6780910162529512,0.0,55.0,55.0,81.11005555555556
DEU,2013,1.0003020519921701,0.0,85.0,85.0,84.97433333333333
DEU,2014,1.1502803714428236,0.0,85.0,85.0,73.89502777777778
DEU,2015,1.1045615504290103,0.0,85.0,85.0,76.95361111111112
DEU,2016,1.0013577232659576,0.0,85.0,85.0,84.88475000000001
DEU,2017,0.968788239037417,0.0,85.0,85.0,87.73847222222223
DEU,2018,0.9900906806582226,0.0,85.0,85.0,85.85072222222223
DEU,2019,0.9520286454841332,0.0,85.0,85.0,89.28302777777776
DEU,2020,1.0676462991131648,0.0,93.0,93.0,87.1075
DEU,2021,2.0181380010531194,0.0,185.14,185.14,91.73802777777777
DEU,2022,2.449548425793277,0.0,185.14,185.14,75.58127777777779
DEU,2023,2.8557737546719473,12.752,195.14,207.892,72.79708333333335
DEU,2024,2.8177329988702104,26.252000000000002,195.14,221.392,78.57096470416774
DZA,2001,1.037390003781887,0.0,20.47,20.47,19.7322125
DZA,2002,1.0506116913270003,0.0,20.47,20.47,19.4838875
DZA,2003,1.4310570829464988,0.0,29.47,29.47,20.59316875
DZA,2004,1.3907556865927106,0.0,29.47,29.47,21.189918749999997
DZA,2005,1.3182150866742075,0.0,29.47,29.47,22.3559875
DZA,2006,1.2897296469326796,0.0,29.47,29.47,22.849750000000004
DZA,2007,1.2604423040128905,0.0,29.47,29.47,23.38068145299145
DZA,2008,1.2075796418135207,0.0,29.47,29.47,24.4041875
DZA,2009,1.1243044034143066,0.0,29.47,29.47,26.211762500000003
DZA,2010,1.479435666560391,0.0,37.47,37.47,25.327225000000002
DZA,2011,1.3982928102392203,0.0,37.47,37.47,26.7969625
DZA,2012,1.2542647763989345,0.0,37.47,37.47,29.874074999999998
DZA,2013,1.4466940185335295,0.0,46.47,46.47,32.1215125
DZA,2014,1.2875491887705872,0.0,46.47,46.47,36.091825
DZA,2015,1.2253938954446568,0.0,46.47,46.47,37.9225
DZA,2016,1.2040029795640765,0.0,46.47,46.47,38.596250000000005
DZA,2017,1.4816598036110231,0.0,58.47,58.47,39.4625
DZA,2018,1.7163577020761942,0.0,74.5049424,74.5049424,43.408750000000005
DZA,2019,1.6536580295585637,0.0,74.5049424,74.5049424,45.054625
DZA,2020,1.8686245058034843,0.0,81.0049424,81.0049424,43.3500375
DZA,2021,1.7756961720643585,0.0,85.5049424,85.5049424,48.152912500000006
DZA,2022,1.793944871495617,0.0,90.3049424,90.3049424,50.338750000000005
DZA,2023,1.6651282571827775,0.0,90.3049424,90.3049424,54.233025
DZA,2024,1.7865331160579538,0.0,90.3049424,90.3049424,50.5475894
EGY,2008,0.17807853263289108,0.0,7.0,7.0,39.3085
EGY,2009,0.4640399562825515,0.0,19.0,19.0,40.94475
EGY,2010,0.4376027430782474,0.0,19.0,19.0,43.418375
EGY,2011,0.3978286928710146,0.0,19.0,19.0,47.759249999999994
EGY,2012,0.37521877476258775,0.0,19.0,19.0,50.637125
EGY,2013,0.3838277219572183,0.0,19.0,19.0,49.501375
EGY,2014,0.5058553131127012,0.0,23.38,23.38,46.2187495
EGY,2015,0.633704067777321,5.712000000000001,23.4502822976,29.1622822976,46.018770874999994
EGY,2016,0.590878466259524,5.712000000000001,23.4502822976,29.1622822976,49.3541125
EGY,2017,0.5213810273011531,5.712000000000001,23.4502822976,29.1622822976,55.93276465880235
EGY,2018,0.48933876153327316,5.712000000000001,23.4502822976,29.1622822976,59.595283656304176
EGY,2019,0.493952151450618,5.712000000000001,23.4502822976,29.1622822976,59.03867856827313
EGY,2020,0.5001426969012392,5.712000000000001,23.4502822976,29.1622822976,58.307923875090665
EGY,2021,0.4694141862282427,5.712000000000001,23.4502822976,29.1622822976,62.12484231019908
EGY,2022,0.48129834442488745,5.712000000000001,23.4502822976,29.1622822976,60.59086351615559
EGY,2023,0.4857219674246218,5.712000000000001,23.4502822976,29.1622822976,60.03904343100487
EGY,2024,0.4878034639045536,5.712000000000001,23.4502822976,29.1622822976,59.78285202030886
ESP,2003,0.2793538195552078,6.936,0.0,6.936,24.82872799464
ESP,2004,0.23697366934329822,6.936,0.0,6.936,29.269074573648005
ESP,2005,0.19987346309236548,6.936,0.0,6.936,34.70195539062
ESP,2006,0.43064792515283207,15.64,0.0,15.64,36.317369912904006
ESP,2007,0.5188694673825494,19.176000000000002,0.0,19.176000000000002,36.9572719257
ESP,2008,0.47240633937284,19.176000000000002,0.0,19.176000000000002,40.59217330880401
ESP,2009,0.5281521138376145,19.176000000000002,0.0,19.176000000000002,36.307721767248005
ESP,2010,0.5297754444055727,19.176000000000002,0.0,19.176000000000002,36.196468149852
ESP,2011,0.8077017386153297,19.176000000000002,8.0,27.176000000000002,33.64608332599201
ESP,2012,0.8179231807847652,19.176000000000002,8.0,27.176000000000002,33.225614138880005
ESP,2013,0.8960668012411623,19.176000000000002,8.0,27.176000000000002,30.328096032971995
ESP,2014,0.9873600789500792,19.176000000000002,8.0,27.176000000000002,27.523899922000005
ESP,2015,0.9520812134266152,19.176000000000002,8.0,27.176000000000002,28.543783468000004
ESP,2016,0.9331906624637935,19.176000000000002,8.0,27.176000000000002,29.121594432000002
ESP,2017,0.8569595798184646,19.176000000000002,8.0,27.176000000000002,31.71211413000001
ESP,2018,0.8628054863055237,19.176000000000002,8.0,27.176000000000002,31.497249880000005
ESP,2019,0.7554245218067153,19.176000000000002,8.0,27.176000000000002,35.974474240000006
ESP,2020,0.8364360375055271,19.176000000000002,8.0,27.176000000000002,32.49023091000001
ESP,2021,0.7917423618913293,19.176000000000002,8.0,27.176000000000002,34.32429702900001
ESP,2022,0.8241605848103616,19.176000000000002,8.0,27.176000000000002,32.974156373000014
ESP,2023,1.1935190753128448,27.176000000000002,8.0,35.176,29.472507585
ESP,2024,1.240213535470188,27.176000000000002,8.0,35.176,28.362857680523643
Estonia,2020,6.045808626903848,0.0,2.6,2.6,0.43005000000000004
Estonia,2021,5.346285662324258,0.0,2.6,2.6,0.48631894444444435
Estonia,2022,6.440957886044591,0.0,2.6,2.6,0.40366666666666673
Estonia,2023,8.307571872478771,0.0,2.6,2.6,0.3129675
Estonia,2024,7.6782140842568625,0.0,2.6,2.6,0.33862040983344655
FRA,2010,0.24210901160004802,12.0,0.0,12.0,49.56445
FRA,2011,0.27894628457098186,12.0,0.0,12.0,43.019035075
FRA,2012,0.2700009077261767,12.0,0.0,12.0,44.44429502500001
FRA,2013,0.3880276953962517,12.0,5.516793893129771,17.516793893129773,45.1431537
FRA,2014,0.8050150816507934,12.0,18.516793893129773,30.516793893129773,37.908350525
FRA,2015,1.1169281715239632,12.0,33.51679389312977,45.51679389312977,40.751764575
FRA,2016,1.201816000737966,12.0,41.51679389312977,53.51679389312977,44.529939575
FRA,2017,1.4858875303226462,25.0,41.51679389312977,66.51679389312977,44.76569897500001
FRA,2018,1.5527381508037081,25.0,41.51679389312977,66.51679389312977,42.838384475
FRA,2019,1.5234466907894413,25.0,41.51679389312977,66.51679389312977,43.662042325
FRA,2020,1.6390374217870038,25.0,41.51679389312977,66.51679389312977,40.582840274999995
FRA,2021,1.5454144992783954,25.0,41.51679389312977,66.51679389312977,43.04139369999999
FRA,2022,1.7212697148182072,25.0,41.51679389312977,66.51679389312977,38.64402732500001
FRA,2023,2.099997443394832,30.0,41.51679389312977,71.51679389312977,34.055657599999996
FRA,2024,2.2370984191349716,30.0,41.51679389312977,71.51679389312977,31.96855054807266
Finland,2016,0.06774032873983066,0.136,0.0,0.136,2.0076666666666667
Finland,2017,0.07421892764564102,0.136,0.0,0.136,1.8324166666666666
Finland,2018,0.06472252333236389,0.136,0.0,0.136,2.1012777777777782
Finland,2019,0.33418426549083313,0.68,0.0,0.68,2.0348055555555558
Finland,2020,0.3282161292485084,0.68,0.0,0.68,2.0718055555555557
Finland,2021,0.32824693609375416,0.68,0.0,0.68,2.0716111111111113
Finland,2022,0.8255725190839693,0.8806106870229008,0.0,0.8806106870229008,1.0666666666666669
Finland,2023,5.055449057522792,5.880610687022901,0.0,5.880610687022901,1.1632222222222222
Finland,2024,4.6440131780113285,5.880610687022901,0.0,5.880610687022901,1.2662777777777778
GBR,2005,0.19568040142252652,19.448000000000004,0.0,19.448000000000004,99.38655
GBR,2006,0.6465928794579773,19.448000000000004,41.5,60.94800000000001,94.26024
GBR,2007,0.9162152369529871,19.448000000000004,67.867816,87.31581600000001,95.30055000000002
GBR,2008,0.8925025895672334,19.448000000000004,67.867816,87.31581600000001,97.8325632
GBR,2009,1.37518963671485,48.28,77.1698848,125.4498848,91.2236985
GBR,2010,1.5955965607054723,48.28,108.87485271407999,157.15485271408,98.49285
GBR,2011,1.9184285364482787,48.28,108.87485271407999,157.15485271408,81.9185337
GBR,2012,2.0436594058539277,48.28,108.87485271407999,157.15485271408,76.8987495
GBR,2013,2.0590014788464597,48.28,108.87485271407999,157.15485271408,76.32576000000002
GBR,2014,2.243289834825382,48.28,108.87485271407999,157.15485271408,70.0555275
GBR,2015,2.181329759550791,48.28,108.87485271407999,157.15485271408,72.04543559999999
GBR,2016,1.9669354150169216,48.28,108.87485271407999,157.15485271408,79.8983289
GBR,2017,2.0089133829173322,48.28,108.87485271407999,157.15485271408,78.2287848
GBR,2018,1.997707013973651,48.28,109.23659983408,157.51659983408,78.8486994
GBR,2019,2.022717277733604,48.28,109.23659983408,157.51659983408,77.87375999999999
GBR,2020,2.1441401833241316,48.28,109.23659983408,157.51659983408,73.46376000000001
GBR,2021,2.0507709930612403,48.57920000000001,109.23659983408,157.81579983408,76.9543749
GBR,2022,2.238898299393735,48.57920000000001,109.23659983408,157.81579983408,70.4881503
GBR,2023,2.480613733470027,48.57920000000001,109.23659983408,157.81579983408,63.619659
GBR,2024,2.5512927823810427,48.57920000000001,109.23659983408,157.81579983408,61.85718899999999
GRC,2000,3.5384368673532762,6.936,0.0,6.936,1.9601875800000002
GRC,2001,3.5854655338518575,6.936,0.0,6.936,1.9344768300000001
GRC,2002,3.3337917296961668,6.936,0.0,6.936,2.0805138899999998
GRC,2003,2.9489552554330323,6.936,0.0,6.936,2.35201941
GRC,2004,2.6826812526552684,6.936,0.0,6.936,2.5854730200000002
GRC,2005,2.6643618553730914,6.936,0.0,6.936,2.60325
GRC,2006,2.2597986511582446,6.936,0.0,6.936,3.0693
GRC,2007,4.6146153139952855,6.936,11.0,17.936,3.8867811896700006
GRC,2008,3.983141774722589,6.936,11.0,17.936,4.502978054615989
GRC,2009,4.743378081930706,6.936,11.0,17.936,3.7812714251737396
GRC,2010,4.32823067034991,6.936,11.0,17.936,4.1439565878197495
GRC,2011,3.5099894882859033,6.936,11.0,17.936,5.109986813310661
GRC,2012,3.81904324599004,6.936,11.0,17.936,4.69646423062442
GRC,2013,4.326917747153622,6.936,11.0,17.936,4.14521399483474
GRC,2014,5.675412476634112,6.936,11.0,17.936,3.1602989340146097
GRC,2015,5.255734592201323,6.936,11.0,17.936,3.4126533
GRC,2016,4.037820801440793,6.936,11.0,17.936,4.441999999999999
GRC,2017,3.348142617136458,6.936,11.0,17.936,5.356999999999998
GRC,2018,3.4195725534308212,6.936,11.0,17.936,5.2451
GRC,2019,3.114808189917163,6.936,11.0,17.936,5.7583
GRC,2020,2.8278356399365565,6.936,11.0,17.936,6.34266
GRC,2021,2.569513388373869,6.936,11.0,17.936,6.98031
GRC,2022,2.89444381687027,6.936,11.0,17.936,6.196699999999999
GRC,2023,3.3324662777302967,6.936,11.0,17.936,5.382199999999999
GRC,2024,2.6894990178290277,6.936,11.0,17.936,6.668899999999999
Hungary,2010,0.3942037449355768,0.0,4.5,4.5,11.415416666666669
Hungary,2011,0.412332299108904,0.0,4.5,4.5,10.91352777777778
Hungary,2012,0.4620136379581278,0.0,4.5,4.5,9.739972222222224
Hungary,2013,0.49558713308961855,0.0,4.5,4.5,9.080138888888891
Hungary,2014,0.5542137349216232,0.0,4.5,4.5,8.119611111111112
Hungary,2015,1.0332159804071634,0.0,9.0,9.0,8.710666666666668
Hungary,2016,0.9639873372527551,0.0,9.0,9.0,9.336222222222222
Hungary,2017,0.9059667979945695,0.0,9.0,9.0,9.934138888888892
Hungary,2018,0.9353159722522927,0.0,9.0,9.0,9.622416666666668
Hungary,2019,0.9142624949207638,0.0,9.0,9.0,9.844000000000001
Hungary,2020,0.8829612995882238,0.0,9.0,9.0,10.192972222222224
Hungary,2021,1.3875527270036256,0.0,15.0,15.0,10.810400000000003
Hungary,2022,1.6320357742241707,0.0,15.0,15.0,9.190975000000002
Hungary,2023,1.8259670778135868,0.0,15.0,15.0,8.214825000000001
Hungary,2024,1.8210574948319063,0.0,15.0,15.0,8.236972222222223
IDN,2008,0.252566883586736,0.0,10.025563040000002,10.025563040000002,39.69468561208676
IDN,2009,0.2442697671544016,0.0,10.283953840000002,10.283953840000002,42.1008050230775
IDN,2010,0.23347371640257317,0.0,10.283953840000002,10.283953840000002,44.047587019464004
IDN,2011,0.2406486982401992,0.0,10.283953840000002,10.283953840000002,42.7343007263445
IDN,2012,0.321602736283795,4.08,11.028119344000002,15.108119344000002,46.97758333333333
IDN,2013,0.36862952013758093,4.08,12.061682544000002,16.141682544000002,43.788361111111115
IDN,2014,0.519207828036254,7.752000000000001,15.162372144000003,22.914372144000005,44.133333333333326
IDN,2015,0.6083310304967715,11.832,16.712716944000004,28.544716944000005,46.922999999999995
IDN,2016,1.3447176934386285,12.308,46.8782924992,59.1862924992,44.01391666666666
IDN,2017,1.2305635900283218,12.308,49.17280280320001,61.48080280320001,49.9615
IDN,2018,1.4741885843096065,12.308,51.239929203200006,63.547929203200006,43.107055555555554
IDN,2019,1.601203527331517,12.308,52.89363032320001,65.2016303232,40.72038888888889
IDN,2020,1.7311839798942226,12.308,52.89363032320001,65.2016303232,37.663027777777785
IDN,2021,1.6993505224667917,15.572000000000001,53.720480883200004,69.2924808832,40.77586111111111
IDN,2022,1.8320654829668888,15.844000000000001,57.1312394432,72.9752394432,39.83222222222222
IDN,2023,1.6796027299321983,15.844000000000001,57.1312394432,72.9752394432,43.44791666666667
IDN,2024,1.571071109593538,15.844000000000001,58.423193443200006,74.2671934432,47.271694444444435
IND,2000,0.17269459431666723,0.0,4.38,4.38,25.362693125
IND,2001,0.1722527655171672,0.0,4.38,4.38,25.4277485
IND,2002,0.16494433834678135,0.0,4.38,4.38,26.5544125
IND,2003,0.15407941882931758,0.0,4.38,4.38,28.4268985
IND,2004,2.081408318658837,20.400000000000002,43.435,63.83500000000001,30.669138500000003
IND,2005,2.188014716405485,27.200000000000003,47.905,75.105,34.325637500000006
IND,2006,2.093391517938802,27.200000000000003,47.905,75.105,35.8771875
IND,2007,2.1223382232465586,27.200000000000003,55.1685,82.36850000000001,38.81026082355537
IND,2008,2.835711891441162,27.200000000000003,86.1935,113.3935,39.98766600452181
IND,2009,2.3090597099947408,27.200000000000003,86.1935,113.3935,49.108084779781755
IND,2010,2.709364063194456,27.200000000000003,132.5485,159.74849999999998,58.96162209062803
IND,2011,2.657114862750185,27.200000000000003,132.9865,160.18650000000002,60.285877078796176
IND,2012,3.079595992515799,27.200000000000003,144.3307,171.53070000000002,55.699091834404
IND,2013,4.692553574399424,40.800000000000004,189.2257,230.0257,49.019301826391995
IND,2014,4.742644730197291,40.800000000000004,189.2257,230.0257,48.501566759867984
IND,2015,4.811564872051732,40.800000000000004,189.2257,230.0257,47.806837508544945
IND,2016,4.75164470478731,40.800000000000004,200.5407,241.3407,50.79098185873363
IND,2017,4.526470574882939,40.800000000000004,201.8182,242.6182,53.599862406324036
IND,2018,4.183340596581193,40.800000000000004,201.8182,242.6182,57.99628177497144
IND,2019,4.365550902686431,51.00000000000001,207.6582,258.6582,59.2498417189064
IND,2020,4.397906998526561,57.800000000000004,207.6582,265.4582,60.36012132337881
IND,2021,4.883617570026842,57.800000000000004,246.80444999999997,304.60445,62.37270745144072
IND,2022,5.9355966298369545,64.60000000000001,281.15355,345.75355,58.25085017771795
IND,2023,6.029101663945368,64.60000000000001,309.41184999999996,374.01185,62.03442417244817
IND,2024,5.383922282888277,64.60000000000001,313.79184999999995,378.39185,70.28181874070563
IRN,2008,0.016762254427719062,0.0,2.108468928,2.108468928,125.78671545
IRN,2009,0.015642109324102437,0.0,2.108468928,2.108468928,134.79441195
IRN,2010,0.23002108784668807,0.0,33.212606528,33.212606528,144.38939854999998
IRN,2011,0.2168029277297231,0.0,33.212606528,33.212606528,153.1926108
IRN,2012,0.21772257561246197,0.0,33.212606528,33.212606528,152.54553385
IRN,2013,0.24949165677687124,0.0,38.380422528000004,38.380422528000004,153.834493
IRN,2014,0.36868550691297597,0.0,63.93041490096001,63.93041490096001,173.40094390000002
IRN,2015,0.3474111170827825,0.0,63.93041490096001,63.93041490096001,184.01948515
IRN,2016,0.5301584960479191,0.0,104.08021096816,104.08021096816,196.31904750000004
IRN,2017,0.5076984947079293,0.0,104.08021096816,104.08021096816,205.00397785901586
IRN,2018,0.6782717700712103,0.0,144.23000703536002,144.23000703536002,212.64338779751606
IRN,2019,0.6604253957248789,0.0,144.23000703536002,144.23000703536002,218.38955311077044
IRN,2020,0.6091633922589481,0.0,144.23000703536002,144.23000703536002,236.76735809831717
IRN,2021,0.62836709245296,0.0,144.23000703536002,144.23000703536002,229.53144549999996
IRN,2022,0.6024612583441611,0.0,144.23000703536002,144.23000703536002,239.40129765649993
IRN,2023,0.5849138430525835,0.0,144.23000703536002,144.23000703536002,246.58333658619495
IRN,2024,0.5877497032396725,0.0,144.23000703536002,144.23000703536002,245.39358546735997
IRQ,2017,0.03165762546771632,0.0,0.36174712000000003,0.36174712000000003,11.426855762410261
IRQ,2018,0.02477644257878692,0.0,0.36174712000000003,0.36174712000000003,14.600446325160517
IRQ,2019,0.018555675022761873,0.0,0.36174712000000003,0.36174712000000003,19.49522825530476
IRQ,2020,0.019569631928006075,0.0,0.36174712000000003,0.36174712000000003,18.48512641069678
IRQ,2021,0.022031803877326814,0.0,0.36174712000000003,0.36174712000000003,16.41931464233295
IRQ,2022,0.01970125278742214,0.0,0.36174712000000003,0.36174712000000003,18.361630293427332
IRQ,2023,0.0510640675512646,0.0,0.9818850400000001,0.9818850400000001,19.22849250139071
IRQ,2024,0.049661775267456014,0.0,0.98188504,0.98188504,19.771444631449604
ITA,2004,0.0026727147610918827,0.0,0.20671264,0.20671264,77.34182600000001
ITA,2005,0.10881674439996633,0.0,9.00671264,9.00671264,82.769547
ITA,2006,0.1111133588080175,0.0,9.00671264,9.00671264,81.058774
ITA,2007,0.11057133561584799,0.0,9.00671264,9.00671264,81.456125946525
ITA,2008,0.11139819154324997,0.0,9.00671264,9.00671264,80.85151576723015
ITA,2009,0.24229419006014116,9.0,9.00671264,18.00671264,74.31755848347191
ITA,2010,0.22750139262218988,9.0,9.00671264,18.00671264,79.1499007212832
ITA,2011,0.24262551748869965,9.0,9.00671264,18.00671264,74.2160710315174
ITA,2012,0.37567259403863684,9.0,17.80671264,26.80671264,71.35658300707186
ITA,2013,0.4016562840669546,9.0,17.80671264,26.80671264,66.7404288277771
ITA,2014,0.5393565071373533,14.0,17.80671264,31.80671264,58.97159340639986
ITA,2015,0.4945425797888608,14.0,17.80671264,31.80671264,64.31541780200101
ITA,2016,0.6011726958214656,14.0,26.60671264,40.60671264,67.54583653290078
ITA,2017,0.5673008530151354,14.0,26.60671264,40.60671264,71.57879707774143
ITA,2018,0.5866828081337601,14.0,26.60671264,40.60671264,69.21408310765077
ITA,2019,0.5736171779362198,14.0,26.60671264,40.60671264,70.79061471990128
ITA,2020,0.7483415146647325,14.0,36.60671264,50.60671264,67.62515729555979
ITA,2021,0.7161542187453409,15.224,36.60671264,51.83071264,72.37367494784056
ITA,2022,0.8733359947831879,15.224,41.7166491008,56.9406491008,65.1990178361261
ITA,2023,1.0571180316668678,20.224,41.7166491008,61.9406491008,58.59388189900777
ITA,2024,1.051163631256029,20.224,41.7166491008,61.9406491008,58.92579162654962
JPN,2001,0.13472555229994487,10.472000000000001,0.0,10.472000000000001,77.728387980075
JPN,2002,0.13770605664343624,10.472000000000001,0.0,10.472000000000001,76.04603788136394
JPN,2003,0.12867339174700537,10.744000000000002,0.0,10.744000000000002,83.49822643305001
JPN,2004,0.13329354443132752,10.744000000000002,0.0,10.744000000000002,80.604053600925
JPN,2005,0.12987143310436755,10.744000000000002,0.0,10.744000000000002,82.72796983279522
JPN,2006,0.3547812652380637,31.416000000000004,0.0,31.416000000000004,88.55033531412484
JPN,2007,0.32934247713110376,31.416,0.0,31.416,95.39006408667414
JPN,2008,0.3170147345910395,31.416,0.0,31.416,99.09949466710997
JPN,2009,0.339713135872176,31.416,0.0,31.416,92.4780253767429
JPN,2010,0.3306892666107864,33.048,0.0,33.048,99.93671805168303
JPN,2011,0.2950049338092167,33.048,0.0,33.048,112.02524504682536
JPN,2012,0.36313736679468245,44.744,0.0,44.744,123.21508082449202
JPN,2013,0.49319683043626006,60.928000000000004,0.0,60.928000000000004,123.53688474864244
JPN,2014,0.5145563913999159,64.19200000000001,0.0,64.19200000000001,124.75211866547323
JPN,2015,0.5899712664238278,70.04,0.0,70.04,118.71764607207865
JPN,2016,0.6390107574164958,74.39200000000001,0.0,74.39200000000001,116.41744546017499
JPN,2017,0.635902520076777,74.39200000000001,0.0,74.39200000000001,116.98648401490553
JPN,2018,0.6640845630546776,76.84,0.0,76.84,115.70815567003831
JPN,2019,0.7106702817790695,76.84,0.0,76.84,108.1232773764525
JPN,2020,0.7379414307813554,76.84,0.0,76.84,104.1275049683
JPN,2021,0.7903448538222431,81.19200000000001,0.0,81.19200000000001,102.72983952175002
JPN,2022,0.8293696114337087,82.552,0.0,82.552,99.53583886114974
JPN,2023,0.9011128241650866,82.552,0.0,82.552,91.61116986264999
JPN,2024,0.9077250510281243,82.552,0.0,82.552,90.94383801184999
KAZ,2004,0.04393133951460114,0.0,0.23,0.23,5.23544245500542
KAZ,2005,0.037960479162834015,0.0,0.23,0.23,6.058933002752669
KAZ,2006,0.8162689405443534,0.0,5.430000000000001,5.430000000000001,6.652219299657344
KAZ,2007,0.6689990193997166,0.0,5.430000000000001,5.430000000000001,8.116603825327372
KAZ,2008,1.165296074730784,0.0,9.97,9.97,8.555765539932288
KAZ,2009,1.2318696257670734,0.0,9.97,9.97,8.093388936180464
KAZ,2010,1.1385452946389085,0.0,9.97,9.97,8.75678819889375
KAZ,2011,1.0603960234069543,0.0,10.47,10.47,9.87366961860236
KAZ,2012,0.9754439853335085,0.0,10.47,10.47,10.73357379554733
KAZ,2013,2.2776418058083783,0.0,25.47,25.47,11.18261876606195
KAZ,2014,1.8793532111854898,0.0,27.87,27.87,14.829569999999999
KAZ,2015,2.132203997925604,0.0,29.43,29.43,13.802619274999998
KAZ,2016,1.9601039293991345,0.0,29.43,29.43,15.014509975
KAZ,2017,1.7685417990818495,0.0,29.580000000000002,29.580000000000002,16.7256437
KAZ,2018,1.7743591178925409,0.0,29.580000000000002,29.580000000000002,16.6708079
KAZ,2019,1.612861417762789,0.0,31.78,31.78,19.704110749999995
KAZ,2020,1.7999378825720447,0.0,31.78,31.78,17.656164864193844
KAZ,2021,1.6366989918572608,0.0,35.38,35.38,21.616681
KAZ,2022,1.6624582852424121,0.0,35.38,35.38,21.281737000000003
KAZ,2023,2.723035698241642,0.0,54.33,54.33,19.951996969809375
KAZ,2024,3.0439077778323327,0.0,63.129999999999995,63.129999999999995,20.73978734170355
KOR,2002,1.4906283587090268,36.04,0.0,36.04,24.177723300000004
KOR,2003,1.423163778532686,36.04,0.0,36.04,25.323859800000005
KOR,2004,1.2144906513992382,36.04,0.0,36.04,29.67499170000001
KOR,2005,1.4382213266071557,45.696,0.0,45.696,31.7725785
KOR,2006,1.3641172468803964,45.696,0.0,45.696,33.498586800000005
KOR,2007,1.2594757628930044,45.696,0.0,45.696,36.2817621
KOR,2008,1.2238851831784983,45.696,0.0,45.696,37.3368357
KOR,2009,1.2875194163371537,45.696,0.0,45.696,35.49150360000001
KOR,2010,1.0150950606668576,45.696,0.0,45.696,45.016473600000005
KOR,2011,0.9432462269717443,45.696,0.0,45.696,48.4454628
KOR,2012,0.8699254432432043,45.696,0.0,45.696,52.52863950000001
KOR,2013,0.831201728179278,45.696,0.0,45.696,54.9758241
KOR,2014,1.2293416747941663,61.472,0.0,61.472,50.00399910000001
KOR,2015,1.346601697428329,61.472,0.0,61.472,45.64972710000001
KOR,2016,1.598532755143028,76.16,0.0,76.16,47.643690600000006
KOR,2017,1.5306575851958957,76.16,0.0,76.16,49.75639276648078
KOR,2018,1.3175557075346376,76.16,0.0,76.16,57.8040075
KOR,2019,1.3858771055673107,77.656,0.0,77.656,56.03382846000001
KOR,2020,1.3496634138864203,77.656,0.0,77.656,57.53730834
KOR,2021,1.2443397312114333,77.656,0.0,77.656,62.40739410000001
KOR,2022,1.2449087022819463,77.656,0.0,77.656,62.378871525
KOR,2023,1.2926572259875608,77.656,0.0,77.656,60.07470382620001
KOR,2024,1.2200713031890587,77.656,0.0,77.656,63.64873905075912
KWT,2021,0.020924019919586326,0.0,0.41342528,0.41342528,19.758405965433315
KWT,2022,1.400429555175932,29.92,0.41342528,30.33342528,21.66008648409973
KWT,2023,2.5101859805411695,29.92,29.559907520000003,59.479907520000005,23.695418578975875
KWT,2024,2.4134638923163,29.92,29.559907520000003,59.479907520000005,24.645037246823982
Lithuania,2014,1.6421624031164777,3.944,0.0,3.944,2.4017113
Lithuania,2015,2.5518301497858564,3.944,2.19,6.134,2.4037650000000004
Lithuania,2016,2.863859300189321,3.944,2.19,6.134,2.141865
Lithuania,2017,2.7520474353555993,3.944,2.19,6.134,2.228886
Lithuania,2018,2.739998936876839,3.944,2.19,6.134,2.238687
Lithuania,2019,2.8435588339461773,3.944,2.19,6.134,2.157156
Lithuania,2020,2.5986196051318284,3.944,2.19,6.134,2.3604840000000005
Lithuania,2021,2.7529144810302926,3.944,2.19,6.134,2.2281839999999997
Lithuania,2022,5.309254427385649,3.944,4.59,8.533999999999999,1.607382
Lithuania,2023,5.4512134283558895,3.944,4.59,8.533999999999999,1.5655230000000002
Lithuania,2024,5.014687381192042,3.944,4.59,8.533999999999999,1.7018010000000001
MEX,2002,0.1343897120600358,0.0,5.519227488,5.519227488,41.06882441666666
MEX,2003,0.633939625876908,0.0,28.216275360000004,28.216275360000004,44.50940469444445
MEX,2004,0.5875707409278692,0.0,28.21627536,28.21627536,48.02192041666666
MEX,2005,0.5352878988902451,0.0,28.21627536,28.21627536,52.712335583333335
MEX,2006,0.7633639047954868,7.752000000000001,36.74317176,44.495171760000005,58.28828358333334
MEX,2007,0.7800507608395936,7.752000000000001,36.74317176,44.495171760000005,57.041379861111125
MEX,2008,1.3618079089512078,18.088,63.61581496,81.70381496,59.99657838888889
MEX,2009,1.2537259174170954,18.088,63.61581496,81.70381496,65.16880111111111
MEX,2010,1.2668357596980782,18.088,65.57958504,83.66758504,66.04454002777778
MEX,2011,1.307134603078263,18.088,74.46822856,92.55622856,70.80849083333334
MEX,2012,1.3268055133869114,23.256,74.46822856,97.72422856,73.65377033333333
MEX,2013,1.4177294554564677,23.256,87.036357072,110.292357072,77.79506636298889
MEX,2014,1.8955909369264246,23.256,126.20840235200001,149.464402352,78.84844743684344
MEX,2015,1.8501981525081617,23.256,126.20840235200001,149.464402352,80.78291622407221
MEX,2016,2.1626529196194046,23.256,161.2358592,184.4918592,85.308122041362
MEX,2017,2.3704182882820883,23.256,189.317771344,212.573771344,89.67774691700444
MEX,2018,2.646938647036623,23.256,220.738092624,243.994092624,92.17973106296336
MEX,2019,2.9864108189310143,23.256,261.243434432,284.49943443200004,95.26466775051284
MEX,2020,3.2089587318123796,23.256,281.94570532800003,305.201705328,95.10926466655616
MEX,2021,3.3136882179334215,24.344,286.824123632,311.168123632,93.90386275569996
MEX,2022,3.432367798712234,24.344,295.981493584,320.325493584,93.32493263227231
MEX,2023,3.1867778234140784,24.344,295.981493584,320.325493584,100.51704616195268
MEX,2024,3.1951235958939943,24.344,295.981493584,320.325493584,100.2544921879221
MYS,2013,0.11595939922171228,5.168,0.0,5.168,44.567323
MYS,2014,0.28781542522928555,5.168,7.7,12.868,44.709209
MYS,2015,0.27472348583710543,5.168,7.7,12.868,46.83982500000001
MYS,2016,0.2860001652257715,5.168,7.7,12.868,44.99298100000001
MYS,2017,0.3913493500477186,9.928,7.7,17.628,45.044153000000016
MYS,2018,0.3945583006220895,9.928,7.7,17.628,44.67780800000001
MYS,2019,0.3898696351843766,9.928,7.7,17.628,45.215114
MYS,2020,0.40418526643818015,9.928,7.7,17.628,43.613663
MYS,2021,0.34327966077512273,9.928,7.7,17.628,51.351717023362575
MYS,2022,0.33935699054018403,9.928,7.7,17.628,51.94529799412701
MYS,2023,0.4021367292823786,9.928,7.7,17.628,43.83583671020932
MYS,2024,0.3818258235270877,9.928,7.7,17.628,46.16764742929815
NLD,2004,0.12887268940380106,0.0,5.5,5.5,42.677777777777784
NLD,2005,0.13267220584293754,0.0,5.5,5.5,41.45555555555556
NLD,2006,0.13816202637638686,0.0,5.5,5.5,39.80833333333333
NLD,2007,0.14173228346456693,0.0,5.5,5.5,38.80555555555556
NLD,2008,0.13617606602475923,0.0,5.5,5.5,40.3888888888889
NLD,2009,0.13298408220834174,0.0,5.5,5.5,41.358333333333334
NLD,2010,0.11762609160577435,0.0,5.5,5.5,46.75833333333334
NLD,2011,1.4879869689154335,16.0,44.9,60.9,40.927777777777784
NLD,2012,1.5502757742893507,16.0,44.9,60.9,39.28333333333334
NLD,2013,1.556991690931042,16.0,44.9,60.9,39.11388888888889
NLD,2014,1.7740734746722768,16.0,44.9,60.9,34.32777777777778
NLD,2015,1.8023676422229529,16.0,44.9,60.9,33.78888888888889
NLD,2016,1.731890354688364,16.0,44.9,60.9,35.16388888888889
NLD,2017,1.6774292272379494,16.0,44.9,60.9,36.30555555555556
NLD,2018,1.7109411581083187,16.0,44.9,60.9,35.59444444444445
NLD,2019,1.6378305692514568,16.0,44.9,60.9,37.18333333333333
NLD,2020,1.6855539324978854,16.0,44.9,60.9,36.13055555555556
NLD,2021,1.747071479799187,16.0,44.9,60.9,34.858333333333334
NLD,2022,2.5019164817429895,24.0,44.9,68.9,27.53888888888889
NLD,2023,2.659376005146349,24.0,44.9,68.9,25.90833333333334
NLD,2024,2.6353591160220997,24.0,44.9,68.9,26.144444444444446
NOR,2000,7.920005147270032,0.0,33.555549088,33.555549088,4.236809
NOR,2001,10.219716202173656,0.0,40.125549088,40.125549088,3.9262880000000004
NOR,2002,9.575842880526855,0.0,40.125549088,40.125549088,4.190289000000001
NOR,2003,9.696083714637702,0.0,43.775549088,43.775549088,4.514766
NOR,2004,11.233610645742717,0.0,53.630549087999995,53.630549087999995,4.774115
NOR,2005,12.205023039766818,0.0,53.630549087999995,53.630549087999995,4.394137472191501
NOR,2006,12.350006949812359,0.0,53.630549087999995,53.630549087999995,4.3425521383058685
NOR,2007,13.011816809254995,0.544,53.630549087999995,54.17454908799999,4.163488456851539
NOR,2008,12.895796247964466,0.544,53.630549087999995,54.17454908799999,4.200946420547794
NOR,2009,13.638241741993875,0.544,53.630549087999995,54.17454908799999,3.9722531769758627
NOR,2010,13.428634380139234,0.544,53.630549087999995,54.17454908799999,4.034256019966066
NOR,2011,13.495733052376607,0.68,53.630549087999995,54.310549087999995,4.024275589715808
NOR,2012,13.62231086563344,0.68,53.630549087999995,54.310549087999995,3.9868822275239237
NOR,2013,13.750280171410637,0.68,53.630549087999995,54.310549087999995,3.9497776344166153
NOR,2014,12.794156935426477,0.68,53.630549087999995,54.310549087999995,4.244949421998756
NOR,2015,12.181503008543308,0.68,54.251049088,54.931049088,4.509381892322726
NOR,2016,12.637840079654055,0.68,54.251049088,54.931049088,4.346553583664565
NOR,2017,12.089042006352306,0.68,54.251049088,54.931049088,4.543871140420882
NOR,2018,18.36323835032608,0.68,79.851049088,80.531049088,4.385449208449119
NOR,2019,17.787328608422566,0.68,79.851049088,80.531049088,4.5274392159071795
NOR,2020,18.483144453280445,0.68,79.851049088,80.531049088,4.356999388905772
NOR,2021,19.30915223835623,0.68,79.851049088,80.531049088,4.1706154725959905
NOR,2022,20.750360096519888,0.68,79.851049088,80.531049088,3.8809470637334207
NOR,2023,21.333426406487337,0.68,79.851049088,80.531049088,3.77487645695354
NOR,2024,23.909775113553536,0.68,79.851049088,80.531049088,3.368122397870235
Oman,2000,1.5634869470554258,0.0,12.0,12.0,7.675152020040881
Oman,2001,1.4238901173259755,0.0,12.0,12.0,8.427616607477868
Oman,2002,1.388940762765726,0.0,12.0,12.0,8.639677315038995
Oman,2003,1.285334201647233,0.0,12.0,12.0,9.336093278013825
Oman,2004,1.2081167668307535,0.0,12.041342528,12.041342528,9.96703535502449
Oman,2005,1.1085514119983133,0.0,12.041342528,12.041342528,10.862231916058684
Oman,2006,3.743103474551001,0.0,45.115364928000005,45.115364928000005,12.05293020477126
Oman,2007,3.730129680103112,0.0,45.115364928000005,45.115364928000005,12.094851599570362
Oman,2008,3.371747333808649,0.0,45.115364928000005,45.115364928000005,13.380410944683305
Oman,2009,3.330184937119285,0.0,45.115364928000005,45.115364928000005,13.547405258227556
Oman,2010,2.754153981967966,0.0,45.115364928000005,45.115364928000005,16.380843345499173
Oman,2011,2.494990303813497,0.0,45.115364928000005,45.115364928000005,18.082380864984884
Oman,2012,2.288308971945183,0.0,45.115364928000005,45.115364928000005,19.715591504957295
Oman,2013,2.076413424127674,0.0,45.115364928000005,45.115364928000005,21.727544430104764
Oman,2014,2.116676161339699,0.0,45.115364928000005,45.115364928000005,21.314250026534683
Oman,2015,1.9536669966028883,0.0,45.115364928000005,45.115364928000005,23.092658578175474
Oman,2016,1.9672982719208016,0.0,45.115364928000005,45.115364928000005,22.932651124605997
Oman,2017,1.9320628033622966,0.0,45.115364928000005,45.115364928000005,23.350879096418307
Oman,2018,1.8048676761449918,0.0,45.115364928000005,45.115364928000005,24.996494493359034
Oman,2019,1.8048638349809412,0.0,45.115364928000005,45.115364928000005,24.996547691630383
Oman,2020,1.745129010836561,0.0,45.373755728000006,45.373755728000006,26.000230038150146
Oman,2021,1.5945916183436273,0.0,45.373755728000006,45.373755728000006,28.45478127818816
Oman,2022,1.5557788494916147,0.0,45.373755728000006,45.373755728000006,29.164656495251165
Oman,2023,1.5012291898266594,0.0,45.373755728000006,45.373755728000006,30.224402799707832
Oman,2024,1.4326533033702786,0.0,45.373755728000006,45.373755728000006,31.671134685034723
POL,2015,0.29428956213640656,5.032000000000001,0.0,5.032000000000001,17.098805555555558
POL,2016,0.27561108457051403,5.032000000000001,0.0,5.032000000000001,18.25761111111111
POL,2017,0.2623520620079596,5.032000000000001,0.0,5.032000000000001,19.180333333333333
POL,2018,0.2525336731080746,5.032000000000001,0.0,5.032000000000001,19.926055555555557
POL,2019,0.24089489837711905,5.032000000000001,0.0,5.032000000000001,20.88877777777778
POL,2020,0.23888438334487191,5.032000000000001,0.0,5.032000000000001,21.06458333333334
POL,2021,0.22490586089636072,5.032000000000001,0.0,5.032000000000001,22.373805555555556
POL,2022,0.8724705755882267,6.232000000000001,10.0,16.232,18.604638888888893
POL,2023,0.8349424393924023,6.232000000000001,10.0,16.232,19.44086111111111
POL,2024,0.7735925054485367,6.232000000000001,10.0,16.232,20.982623132560626
PRT,2004,2.0130281095145186,7.616,0.0,7.616,3.7833550182450004
PRT,2005,1.7762103867442136,7.616,0.0,7.616,4.28778035352
PRT,2006,1.849244554824492,7.616,0.0,7.616,4.11843851595
PRT,2007,1.7350944896028542,7.616,0.0,7.616,4.389386310450001
PRT,2008,1.5858914940155444,7.616,0.0,7.616,4.802346206369999
PRT,2009,1.5968612451907411,7.616,0.0,7.616,4.769356149720001
PRT,2010,1.4677882042060373,7.616,0.0,7.616,5.188759507792667
PRT,2011,1.4496500652087732,7.616,0.0,7.616,5.253681686899501
PRT,2012,1.6718283738788913,7.616,0.0,7.616,4.55549153190273
PRT,2013,1.763639569130452,7.616,0.0,7.616,4.318342666668
PRT,2014,1.8458733434283932,7.616,0.0,7.616,4.125960227506502
PRT,2015,1.5801278027497727,7.616,0.0,7.616,4.819863296339999
PRT,2016,1.50104072372922,7.616,0.0,7.616,5.073813041580001
PRT,2017,1.2013594868688224,7.616,0.0,7.616,6.3394846282440005
PRT,2018,1.3132437698022894,7.616,0.0,7.616,5.799380263686001
PRT,2019,1.241397341939012,7.616,0.0,7.616,6.1350219971505
PRT,2020,1.2616248857177543,7.616,0.0,7.616,6.036659617463998
PRT,2021,1.3106218057865902,7.616,0.0,7.616,5.810982211934997
PRT,2022,1.3627060765707382,7.616,0.0,7.616,5.588879458999501
PRT,2023,1.703645869232086,7.616,0.0,7.616,4.470412623624
PRT,2024,2.0746050016743296,7.616,0.0,7.616,3.671060271161708
Pakistan,2014,0.007385402964799716,0.0,0.25839080000000003,0.25839080000000003,34.98668945100781
Pakistan,2015,0.18575456534797413,6.5280000000000005,0.25839080000000003,6.7863908,36.53418039705808
Pakistan,2016,0.17558273649843378,6.5280000000000005,0.25839080000000003,6.7863908,38.65067224339869
Pakistan,2017,0.33349360909291886,13.328000000000001,0.25839080000000003,13.586390800000002,40.73958369683338
Pakistan,2018,0.5962508334279113,13.328000000000001,12.661149200000002,25.989149200000004,43.58761068824934
Pakistan,2019,0.5843807615525114,13.328000000000001,12.661149200000002,25.989149200000004,44.472971921517754
Pakistan,2020,0.631381629885243,13.328000000000001,12.661149200000002,25.989149200000004,41.16234614669367
Pakistan,2021,0.5789381469368258,13.328000000000001,12.661149200000002,25.989149200000004,44.89106364386101
Pakistan,2022,0.6810299465486214,13.328000000000001,12.661149200000002,25.989149200000004,38.16153655461102
Pakistan,2023,0.6873080758753126,13.328000000000001,12.661149200000002,25.989149200000004,37.81295479018175
Pakistan,2024,0.701424652651762,13.328000000000001,12.661149200000002,25.989149200000004,37.051947207368684
Peru,2004,19.229082790697674,0.0,15.91687328,15.91687328,0.82775
Peru,2005,10.902191114886278,0.0,15.91687328,15.91687328,1.4599701208930818
Peru,2006,9.31549894094802,0.0,15.91687328,15.91687328,1.7086442047708688
Peru,2007,6.180831580085562,0.0,15.91687328,15.91687328,2.5751993196649536
Peru,2008,4.868453319650799,0.0,15.91687328,15.91687328,3.269390139934971
Peru,2009,4.760306021735115,0.0,15.91687328,15.91687328,3.343665975953024
Peru,2010,4.116098230175072,0.0,22.32496512,22.32496512,5.423817380337505
Peru,2011,3.5476519416756496,0.0,22.32496512,22.32496512,6.292884839614602
Peru,2012,3.253503032572694,0.0,22.32496512,22.32496512,6.861823977568765
Peru,2013,3.330758165246648,0.0,22.32496512,22.32496512,6.702667684775248
Peru,2014,3.004044011604486,0.0,22.32496512,22.32496512,7.4316371643556725
Peru,2015,2.920918565009778,0.0,22.32496512,22.32496512,7.643131646131759
Peru,2016,2.628536670955959,0.0,22.32496512,22.32496512,8.493305559203307
Peru,2017,2.9798660081658888,0.0,22.32496512,22.32496512,7.491935898735609
Peru,2018,2.7818449471262787,0.0,22.32496512,22.32496512,8.025237043877048
Peru,2019,2.7188208462968513,0.0,22.32496512,22.32496512,8.211267450890539
Peru,2020,2.732570060704162,0.0,22.32496512,22.32496512,8.169951592841148
Peru,2021,2.4967787751932113,0.0,22.32496512,22.32496512,8.94150708977907
Peru,2022,2.2720739197372195,0.0,22.32496512,22.32496512,9.825809330438524
Peru,2023,2.22098954698245,0.0,22.32496512,22.32496512,10.051810081831245
Peru,2024,1.97389825534863,0.0,22.32496512,22.32496512,11.3100890886886
Philippines,2002,6.740943789338853,0.0,11.3691952,11.3691952,1.6865880439443752
Philippines,2003,4.42288447494197,0.0,11.3691952,11.3691952,2.570538585037125
Philippines,2004,4.789113473689407,0.0,11.3691952,11.3691952,2.373966551943375
Philippines,2005,3.6158909371352235,0.0,11.3691952,11.3691952,3.1442306744482504
Philippines,2006,3.8609322543489615,0.0,11.3691952,11.3691952,2.9446761691282504
Philippines,2007,3.220314784586735,0.0,11.3691952,11.3691952,3.5304608277476257
Philippines,2008,3.05910287522578,0.0,11.3691952,11.3691952,3.716512867897875
Philippines,2009,3.037893272591635,0.0,11.3691952,11.3691952,3.74246037626625
Philippines,2010,3.225343120545069,0.0,11.3691952,11.3691952,3.5249568108210005
Philippines,2011,2.9872934601606023,0.0,11.3691952,11.3691952,3.805851467766
Philippines,2012,3.1161642384297568,0.0,11.3691952,11.3691952,3.648458274371625
Philippines,2013,3.3831440684165694,0.0,11.3691952,11.3691952,3.3605412510030006
Philippines,2014,3.2168560917509135,0.0,11.3691952,11.3691952,3.5342567014901256
Philippines,2015,3.421878460399567,0.0,11.3691952,11.3691952,3.3225011734263754
Philippines,2016,2.984147060945539,0.0,11.3691952,11.3691952,3.8098642485795002
Philippines,2017,3.0121645038454647,0.0,11.3691952,11.3691952,3.7744270558548756
Philippines,2018,2.7805655580476865,0.0,11.3691952,11.3691952,4.0888067418855005
Philippines,2019,2.696680976338939,0.0,11.3691952,11.3691952,4.215995625643125
Philippines,2020,2.958544354244795,0.0,11.3691952,11.3691952,3.842834123371501
Philippines,2021,3.462910821097072,0.0,11.3691952,11.3691952,3.283132540039875
Philippines,2022,8.238336269252676,14.008000000000001,11.3691952,25.377195200000003,3.080378655422625
Philippines,2023,7.921152125008288,14.008000000000001,11.3691952,25.377195200000003,3.203725266161764
Philippines,2024,7.545614222935338,14.008000000000001,11.3691952,25.377195200000003,3.3631715656579058
QAT,2004,1.578720394331644,0.0,24.805516800000003,24.805516800000003,15.712419304307204
QAT,2005,3.6969687367741977,0.0,66.14804480000001,66.14804480000001,17.892508568443482
QAT,2006,4.843128006269772,0.0,90.95356160000001,90.95356160000001,18.779921051488664
QAT,2007,4.82895092751822,0.0,104.38988320000001,104.38988320000001,21.617507563625193
QAT,2008,4.938131032777839,0.0,104.38988320000001,104.38988320000001,21.139553103611696
QAT,2009,15.681497445258183,0.0,333.8409136,333.8409136,21.288841500334385
QAT,2010,16.378618200528784,0.0,416.5289584000001,416.5289584000001,25.43126369393924
QAT,2011,16.61102439877359,0.0,482.67700320000006,482.67700320000006,29.057630138430028
QAT,2012,14.187790105586473,0.0,482.67700320000006,482.67700320000006,34.020590917111534
QAT,2013,13.628101656658338,0.0,482.67700320000006,482.67700320000006,35.41777243525158
QAT,2014,12.70119803680079,0.0,482.67700320000006,482.67700320000006,38.002478333262644
QAT,2015,11.086695593810518,0.0,482.67700320000006,482.67700320000006,43.536597457358624
QAT,2016,11.578341330358953,0.0,482.67700320000006,482.67700320000006,41.6879231167938
QAT,2017,11.731781690881633,0.0,482.67700320000006,482.67700320000006,41.142685392377714
QAT,2018,11.562514292950196,0.0,482.67700320000006,482.67700320000006,41.744986511652925
QAT,2019,11.620114464481773,0.0,482.67700320000006,482.67700320000006,41.53805925710614
QAT,2020,12.505976778708575,0.0,482.67700320000006,482.67700320000006,38.595706016483064
QAT,2021,11.969433161278236,0.0,482.67700320000006,482.67700320000006,40.32580295961603
QAT,2022,12.487935267378832,0.0,500.24757760000006,500.24757760000006,40.05846978617467
QAT,2023,11.424762706788128,0.0,500.24757760000006,500.24757760000006,43.78625538566095
QAT,2024,10.763588249654452,0.0,500.24757760000006,500.24757760000006,46.47591174960262
RUS,2002,0.0026548090417000797,0.0,1.0,1.0,376.6749262536874
RUS,2003,0.0025933932351069706,0.0,1.0,1.0,385.59520648967555
RUS,2004,0.2552961137413195,0.0,101.0,101.0,395.61902654867254
RUS,2005,0.27347581830753015,0.0,109.5,109.5,400.4010324483776
RUS,2006,0.39764199888716784,0.0,167.7,167.7,421.7361356932153
RUS,2007,0.39107574670738826,0.0,167.7,167.7,428.81718289085546
RUS,2008,0.4565276018546317,0.0,192.996,192.996,422.7477138643068
RUS,2009,0.4925873807884253,0.0,195.946,195.946,397.78932153392327
RUS,2010,0.4646298723639919,0.0,196.966,196.966,423.92022492625375
RUS,2011,0.6514748762661623,0.0,283.80600000000004,283.80600000000004,435.63613938053095
RUS,2012,1.080909942983678,0.0,463.30600000000004,463.30600000000004,428.6259026548672
RUS,2013,1.0904719151202873,0.0,463.30600000000004,463.30600000000004,424.86742994100297
RUS,2014,1.124012256978131,0.0,474.55600000000004,474.55600000000004,422.19824299410027
RUS,2015,1.1612068425513726,0.0,474.55600000000004,474.55600000000004,408.67482227138646
RUS,2016,1.2864867325931457,0.0,541.156,541.156,420.6463901179941
RUS,2017,1.3886689392303349,0.0,598.656,598.656,431.1005907079646
RUS,2018,1.4161869578064936,0.0,643.656,643.656,454.4993134218289
RUS,2019,1.5341806961980406,0.0,681.656,681.656,444.312721238938
RUS,2020,1.6096403981934493,0.0,681.656,681.656,423.483407079646
RUS,2021,1.646170959523423,0.0,710.396,710.396,431.54448563815276
RUS,2022,1.8582396998078405,0.0,833.244,833.244,448.4050147492626
RUS,2023,1.839517973359186,0.0,833.984,833.984,453.37094395280235
RUS,2024,1.7483077407468923,0.0,833.984,833.984,477.02357002876096
Romania,2004,0.010138536303681266,0.0,0.1643365488,0.1643365488,16.2091
Romania,2005,0.010148820303007379,0.0,0.1643365488,0.1643365488,16.192675
Romania,2006,0.009951919772543534,0.0,0.1643365488,0.1643365488,16.51305
Romania,2007,0.011072249989893682,0.0,0.1643365488,0.1643365488,14.8422
Romania,2008,0.011620912197829784,0.0,0.1643365488,0.1643365488,14.14145
Romania,2009,0.013355320322309313,0.0,0.1643365488,0.1643365488,12.304950000000002
Romania,2010,0.013097781029577028,0.0,0.1643365488,0.1643365488,12.5469
Romania,2011,0.012724299035824138,0.0,0.1643365488,0.1643365488,12.915175
Romania,2012,0.013111156668608038,0.0,0.1643365488,0.1643365488,12.5341
Romania,2013,0.014361693376563222,0.0,0.1643365488,0.1643365488,11.442700000000002
Romania,2014,0.015114012650456976,0.0,0.1643365488,0.1643365488,10.873125
Romania,2015,0.015846043955037328,0.0,0.1643365488,0.1643365488,10.370825000000002
Romania,2016,0.015659136958471365,0.0,0.1643365488,0.1643365488,10.494610861111111
Romania,2017,0.014555592364322065,0.0,0.1643365488,0.1643365488,11.290268694444444
Romania,2018,0.01421229131537768,0.0,0.1643365488,0.1643365488,11.562987638888888
Romania,2019,0.01525167997357871,0.0,0.1643365488,0.1643365488,10.774980138888889
Romania,2020,0.16997358889423103,0.0,1.9143365488,1.9143365488,11.262552972222222
Romania,2021,0.16547183860839998,0.0,1.9143365488,1.9143365488,11.56895677777778
Romania,2022,0.300096148613023,0.0,2.9143365487999997,2.9143365487999997,9.711342722222224
Romania,2023,0.3196902214518091,0.0,2.9143365487999997,2.9143365487999997,9.116126654
Romania,2024,0.3082874994163944,0.0,2.9143365487999997,2.9143365487999997,9.453307559719427
SGP,2001,0.7805953674066622,0.0,3.4,3.4,4.355649728355
SGP,2002,0.7222246761044703,0.0,3.4,3.4,4.7076763125
SGP,2003,1.6055099873313785,0.0,8.20606888,8.20606888,5.1111914249999995
SGP,2004,1.3262908590998346,0.0,8.20606888,8.20606888,6.187231724999999
SGP,2005,1.3265792458924197,0.0,8.20606888,8.20606888,6.185886674624999
SGP,2006,1.0069215962797886,0.0,8.20606888,8.20606888,8.149660222124998
SGP,2007,1.0069215962797886,0.0,8.20606888,8.20606888,8.149660222124998
SGP,2008,0.9416829689414699,0.0,8.20606888,8.20606888,8.714258567535001
SGP,2009,0.8938448394783148,0.0,8.20606888,8.20606888,9.1806413345625
SGP,2010,0.9844064863800449,0.0,8.20606888,8.20606888,8.336057303092499
SGP,2011,0.9902191053462375,0.0,8.20606888,8.20606888,8.28712437045
SGP,2012,0.9189326853303472,0.0,8.20606888,8.20606888,8.93
SGP,2013,1.2946332077318217,4.760000000000001,8.20606888,12.966068880000002,10.01524509225
SGP,2014,1.5752480148437247,8.16,8.20606888,16.36606888,10.3895188095975
SGP,2015,1.4134694065449076,8.16,8.20606888,16.36606888,11.5786509451275
SGP,2016,1.375056248306191,8.16,8.20606888,16.36606888,11.902108659307501
SGP,2017,1.3319116093920602,8.16,8.20606888,16.36606888,12.2876538987975
SGP,2018,1.8855231370361054,14.96,8.20606888,23.16606888,12.286281947415
SGP,2019,1.8460810714144318,14.96,8.20606888,23.16606888,12.5487819786
SGP,2020,1.8388161550754591,14.96,8.20606888,23.16606888,12.598360535422499
SGP,2021,1.7350446135828248,14.96,8.20606888,23.16606888,13.3518577554975
SGP,2022,1.7739049524026782,14.96,8.20606888,23.16606888,13.05936310095
SGP,2023,1.8786251675797814,14.96,8.20606888,23.16606888,12.331394936992499
SGP,2024,1.784507906990818,14.96,8.20606888,23.16606888,12.981768693344993
Slovakia,2022,1.292554767378503,0.0,5.7,5.7,4.409871166666666
Slovakia,2023,1.3577434610691148,0.0,5.7,5.7,4.198142111111111
Slovakia,2024,2.6239899272529557,0.0,11.4,11.4,4.3445288724620275
Sweden,2011,0.44529027769251234,0.544,0.0,0.544,1.221675
Sweden,2012,0.5107501643038213,0.544,0.0,0.544,1.0651
Sweden,2013,0.5314316416744005,0.544,0.0,0.544,1.02365
Sweden,2014,0.9709950914770191,0.8160000000000001,0.0,0.8160000000000001,0.8403750000000001
Sweden,2015,0.8740593953351364,0.8160000000000001,0.0,0.8160000000000001,0.933575
Sweden,2016,0.816898588447292,0.8160000000000001,0.0,0.8160000000000001,0.9989000000000001
Sweden,2017,0.8485636292733654,0.8160000000000001,0.0,0.8160000000000001,0.9616250000000001
Sweden,2018,0.802458512599877,0.8160000000000001,0.0,0.8160000000000001,1.0168750000000002
Sweden,2019,0.7938515419787917,0.8160000000000001,0.0,0.8160000000000001,1.0279
Sweden,2020,0.823473017635038,0.8160000000000001,0.0,0.8160000000000001,0.9909250000000001
Sweden,2021,0.7677651541881308,0.8160000000000001,0.0,0.8160000000000001,1.062825
Sweden,2022,1.0202869557062924,0.8160000000000001,0.0,0.8160000000000001,0.799775
Sweden,2023,0.9300205151584227,0.8160000000000001,0.0,0.8160000000000001,0.8774000000000001
Sweden,2024,0.8587972524440207,0.8160000000000001,0.0,0.8160000000000001,0.9501660580279857
THA,2000,0.5835475555742221,0.0,12.3685056,12.3685056,21.195368709631815
THA,2001,0.6298396851015725,0.0,15.469195200000001,15.469195200000001,24.56052796594633
THA,2002,0.5796039747467777,0.0,15.469195200000001,15.469195200000001,26.68924968424917
THA,2003,0.5442649292409523,0.0,15.469195200000001,15.469195200000001,28.42217892226455
THA,2004,0.5198849284560002,0.0,15.469195200000001,15.469195200000001,29.755036842367737
THA,2005,0.48251982548989325,0.0,15.469195200000001,15.469195200000001,32.05919090328448
THA,2006,0.888150488777517,0.0,29.318942080000003,29.318942080000003,33.01123227478676
THA,2007,2.291128541695811,0.0,80.5836768,80.5836768,35.17204527527507
THA,2008,2.1813728361512355,0.0,80.5836768,80.5836768,36.941725625491884
THA,2009,2.1137010788708834,0.0,80.5836768,80.5836768,38.124443236338294
THA,2010,1.8651227148046121,0.0,80.5836768,80.5836768,43.20556291570437
THA,2011,2.125175951211366,13.600000000000001,80.5836768,94.1836768,44.318060698134005
THA,2012,1.9366007214115526,13.600000000000001,80.5836768,94.1836768,48.633502899529674
THA,2013,1.9274527070640743,13.600000000000001,80.5836768,94.1836768,48.86432567440891
THA,2014,1.8857579708435837,13.600000000000001,80.5836768,94.1836768,49.94473217465306
THA,2015,1.8481536452285245,13.600000000000001,80.5836768,94.1836768,50.96095611052628
THA,2016,1.862653303114124,13.600000000000001,80.5836768,94.1836768,50.564255109921234
THA,2017,1.8805219918557652,13.600000000000001,80.5836768,94.1836768,50.083794397456764
THA,2018,1.8829349798692672,13.600000000000001,80.5836768,94.1836768,50.01961183308582
THA,2019,1.8889773128905127,15.64,80.5836768,96.2236768,50.93956192240263
THA,2020,2.053739151638335,15.64,80.5836768,96.2236768,46.852920305501904
THA,2021,2.0467144400420074,15.64,80.5836768,96.2236768,47.01372840171347
THA,2022,2.4013613214009824,25.840000000000003,80.5836768,106.42367680000001,44.318060698134005
THA,2023,2.25597277881276,25.840000000000003,80.5836768,106.42367680000001,47.174184812640824
THA,2024,2.635408394844188,25.840000000000003,101.25494080000001,127.09494080000002,48.22589965511368
TUR,2001,0.9122986161896185,0.0,14.0,14.0,15.345852500000003
TUR,2002,0.8413747221585347,0.0,14.0,14.0,16.639435000000002
TUR,2003,1.496398542807099,0.0,30.0,30.0,20.048135000000002
TUR,2004,1.4172061104258655,0.0,30.0,30.0,21.16841
TUR,2005,1.1662606621736475,0.0,30.0,30.0,25.7232375
TUR,2006,1.7797004988261225,14.552,37.41,51.961999999999996,29.197047500000004
TUR,2007,1.5332224130726075,14.552,37.41,51.961999999999996,33.89071250000001
TUR,2008,1.4720848314310306,14.552,37.41,51.961999999999996,35.298237500000006
TUR,2009,1.5408843894121056,14.552,37.41,51.961999999999996,33.722192500000006
TUR,2010,1.4506002862982799,14.552,37.41,51.961999999999996,35.82103250000001
TUR,2011,1.2419252422524418,14.552,37.41,51.961999999999996,41.83987750000001
TUR,2012,1.1995138877747435,14.552,37.41,51.961999999999996,43.31921500000001
TUR,2013,1.1818547696046202,14.552,37.41,51.961999999999996,43.966485000000006
TUR,2014,1.1139521586038745,14.552,37.41,51.961999999999996,46.646527500000005
TUR,2015,1.1306153734599669,14.552,37.41,51.961999999999996,45.95904250000001
TUR,2016,1.341748942805912,22.304000000000002,37.41,59.714,44.50460000000001
TUR,2017,1.1579644403070872,22.304000000000002,37.41,59.714,51.5680775
TUR,2018,1.8189587290154499,32.504000000000005,53.41,85.914,47.23251750000001
TUR,2019,1.9815236892781336,32.504000000000005,53.41,85.914,43.357543725000006
TUR,2020,2.540592043004593,32.504000000000005,84.91,117.414,46.215212050000005
TUR,2021,2.049554565063003,32.504000000000005,84.91,117.414,57.287569700000006
TUR,2022,2.3049684160664294,32.504000000000005,84.91,117.414,50.93952662500001
TUR,2023,2.7670265195436676,40.120000000000005,92.91,133.03,48.0768793
TUR,2024,2.612578973129855,40.120000000000005,92.91,133.03,50.919034933757736
Taiwan,2002,1.3514188223040315,0.0,11.017783712000002,11.017783712000002,8.152752892116599
Taiwan,2003,1.30934033191201,0.0,11.017783712000002,11.017783712000002,8.414759282570099
Taiwan,2004,1.0763308906767388,0.0,11.017783712000002,11.017783712000002,10.236428042191202
Taiwan,2005,1.0676063728326362,0.0,11.017783712000002,11.017783712000002,10.320080501924103
Taiwan,2006,0.9952966892038723,0.0,11.017783712000002,11.017783712000002,11.069848650670199
Taiwan,2007,0.9380907226762559,0.0,11.017783712000002,11.017783712000002,11.744902114123501
Taiwan,2008,0.8630596330173966,0.0,11.017783712000002,11.017783712000002,12.7659587941566
Taiwan,2009,1.567534844005673,4.08,15.462105472000001,19.542105472000003,12.4667758083528
Taiwan,2010,1.2624287992657388,4.08,15.462105472000001,19.542105472000003,15.479768430002702
Taiwan,2011,1.1468417572607834,4.08,15.462105472000001,19.542105472000003,17.0399319245892
Taiwan,2012,1.0926394122666467,4.08,15.462105472000001,19.542105472000003,17.885228422669204
Taiwan,2013,1.0894306615958729,4.08,15.462105472000001,19.542105472000003,17.937906615711903
Taiwan,2014,1.0357181886645328,4.08,15.462105472000001,19.542105472000003,18.8681686639083
Taiwan,2015,0.968372490825531,4.08,15.462105472000001,19.542105472000003,20.180359992816907
Taiwan,2016,0.9321120029477697,4.08,15.462105472000001,19.542105472000003,20.9654048120814
Taiwan,2017,0.8406992200072934,4.08,15.462105472000001,19.542105472000003,23.2450619757093
Taiwan,2018,0.825880807032061,4.08,15.462105472000001,19.542105472000003,23.6621378116629
Taiwan,2019,0.9571056243559105,6.800000000000001,15.462105472000001,22.262105472000002,23.259820970106
Taiwan,2020,0.8946187377547146,6.800000000000001,15.462105472000001,22.262105472000002,24.884461427526904
Taiwan,2021,0.8157469042442554,6.800000000000001,15.462105472000001,22.262105472000002,27.29045658178086
Taiwan,2022,0.7931955484853276,6.800000000000001,15.462105472000001,22.262105472000002,28.066352004258384
Taiwan,2023,0.7965847511248549,6.800000000000001,15.462105472000001,22.262105472000002,27.946939030107906
Taiwan,2024,0.7511247527877094,6.800000000000001,15.462105472000001,22.262105472000002,29.638359526
Turkmenistan,2011,1.4082295744167905,0.0,29.2,29.2,20.73525547998308
Turkmenistan,2012,1.2729722415247853,0.0,29.2,29.2,22.938442055125883
Turkmenistan,2013,1.5105106033517859,0.0,29.2,29.2,19.33121153549397
Turkmenistan,2014,1.4627062940165039,0.0,29.2,29.2,19.962996070672908
Turkmenistan,2015,2.3319660027077513,0.0,59.2,59.2,25.386304916649813
Turkmenistan,2016,2.357156592382619,0.0,59.2,59.2,25.115005168222833
Turkmenistan,2017,2.3910612918584717,0.0,59.2,59.2,24.75888016822284
Turkmenistan,2018,2.0850701298701297,0.0,59.2,59.2,28.39233038348083
Turkmenistan,2019,2.1335646749476713,0.0,59.2,59.2,27.746991077948913
Turkmenistan,2020,1.728303884335368,0.0,59.2,59.2,34.25323551984366
Turkmenistan,2021,1.654296364908718,0.0,59.2,59.2,35.78560725621046
Turkmenistan,2022,1.5771332315485151,0.0,59.2,59.2,37.536460976016734
Turkmenistan,2023,1.6772123151071732,0.0,59.2,59.2,35.29666427247593
Turkmenistan,2024,2.07551302810044,0.0,59.2,59.2,28.523068368393368
UKR,2014,0.24803365648436065,0.0,10.0,10.0,40.31710914454278
UKR,2015,0.3126104664566204,0.0,10.0,10.0,31.988692232055058
UKR,2016,0.31826005319981215,0.0,10.0,10.0,31.420845624385453
UKR,2017,0.33122989862801777,0.0,10.0,10.0,30.190511307767945
UKR,2018,0.32712798037875435,0.0,10.0,10.0,30.569075712881023
UKR,2019,0.35338574469009254,0.0,10.0,10.0,28.297689282202555
UKR,2020,0.34084625052366985,0.0,10.0,10.0,29.338741396263522
UKR,2021,0.36688311688311687,0.0,10.0,10.0,27.256637168141594
UKR,2022,0.5474732521364645,0.0,10.0,10.0,18.265732546706
UKR,2023,0.5336481700118062,0.0,10.0,10.0,18.73893805309735
UKR,2024,0.501408423330538,0.0,10.0,10.0,19.9438213135239
USA,2000,0.06847486380094993,2.72,40.308964800000005,43.028964800000004,628.3906591633568
USA,2001,0.20034610239053202,2.72,117.61949216000002,120.33949216000002,600.6580149257101
USA,2002,0.2614140454927469,2.72,159.38578107200001,162.105781072,620.1112138655066
USA,2003,0.2735017318049619,2.72,161.98002470400002,164.70002470400001,602.1900615292997
USA,2004,0.27239905373977324,2.72,161.98002470400002,164.70002470400001,604.6277417003818
USA,2005,0.3010282620264915,2.72,176.44990950400003,179.16990950400003,595.1929838675163
USA,2006,0.30721156311795167,2.72,177.48347270400004,180.20347270400003,586.5777670445699
USA,2007,0.31430857747433544,2.72,193.45202414400003,196.17202414400003,624.1383093021643
USA,2008,0.6672864020919442,44.064,375.58653124800003,419.65053124800005,628.8911776598396
USA,2009,0.8201745510459485,44.064,462.4988607360001,506.5628607360001,617.6281135399689
USA,2010,0.8692145402279922,44.064,519.355172368,563.419172368,648.1934508599188
USA,2011,0.9398378716167874,44.064,574.547447248,618.611447248,658.210810534601
USA,2012,0.9092617286848954,44.064,581.61970680032,625.68370680032,688.1227781414196
USA,2013,0.8849554405606648,44.064,581.61970680032,625.68370680032,707.0228376740836
USA,2014,0.9208141294718047,44.064,621.0036325363201,665.06763253632,722.2604554491519
USA,2015,0.9270782384827364,44.064,645.2923677363201,689.3563677363201,743.5794942879105
USA,2016,0.9338792713961274,44.064,655.5039721523201,699.5679721523201,749.0989398517032
USA,2017,1.7194480943668229,44.064,1228.0236458953023,1272.0876458953023,739.8232316886201
USA,2018,1.7627174322449108,44.064,1404.8249668873023,1448.8889668873023,821.9632598981382
USA,2019,1.861567968140783,44.064,1540.1302046084222,1584.1942046084223,850.9999267932268
USA,2020,2.0205525994817606,45.56,1642.2565844004223,1687.8165844004222,835.324249828151
USA,2021,2.164001970278377,45.56,1764.4650971684223,1810.0250971684222,836.4248840936041
USA,2022,2.13871727572986,45.56,1837.3832909973823,1882.9432909973823,880.4077623372672
USA,2023,2.1438709878109194,45.56,1859.1397963573822,1904.6997963573822,888.4395596501112
USA,2024,2.20522837034637,45.56,1943.9953350773824,1989.5553350773823,902.1992288104327
Uzbekistan,2003,0.02195606591210987,0.0,1.0,1.0,45.5455
Uzbekistan,2004,0.02173104034639278,0.0,1.0,1.0,46.01712500000001
Uzbekistan,2005,0.021312021312021312,0.0,1.0,1.0,46.921875
Uzbekistan,2006,0.3181082087505737,0.0,13.775,13.775,43.302875
Uzbekistan,2007,0.2941160771000475,0.0,13.775,13.775,46.83525
Uzbekistan,2008,0.3121415117053067,0.0,13.775,13.775,44.130625
Uzbekistan,2009,0.5394474492530836,0.0,23.775,23.775,44.072874999999996
Uzbekistan,2010,0.5398011079829261,0.0,23.775,23.775,44.044
Uzbekistan,2011,0.502044366682005,0.0,23.775,23.775,47.3563724200875
Uzbekistan,2012,0.5141819046898147,0.0,23.775,23.775,46.2385
Uzbekistan,2013,0.5151470010698372,0.0,23.775,23.775,46.151875000000004
Uzbekistan,2014,0.4897164690979124,0.0,23.775,23.775,48.5485
Uzbekistan,2015,0.5130072419792046,0.0,23.775,23.775,46.344375
Uzbekistan,2016,0.5487354053237976,0.0,23.775,23.775,43.326892650513145
Uzbekistan,2017,0.5309036986046018,0.0,23.775,23.775,44.78213292257881
Uzbekistan,2018,0.5355015063382409,0.0,23.775,23.775,44.39763421502479
Uzbekistan,2019,0.5330932941188025,0.0,23.775,23.775,44.598197468043224
Uzbekistan,2020,0.5449766290706605,0.0,23.775,23.775,43.625723988463704
Uzbekistan,2021,0.5012863165389938,0.0,23.775,23.775,47.42798519646128
Uzbekistan,2022,0.4930030696619465,0.0,23.775,23.775,48.22485185802713
Uzbekistan,2023,0.5066443896625105,0.0,23.775,23.775,46.92640535472458
Uzbekistan,2024,0.4354755372694154,0.0,23.775,23.775,54.595489218700095
Vietnam,2002,3.0224525043177897,0.0,7.0,7.0,2.316
Vietnam,2003,3.0568419765540216,0.0,7.0,7.0,2.2899450000000003
Vietnam,2004,1.7437225986448783,0.0,7.0,7.0,4.0144
Vietnam,2005,1.1263798152737101,0.0,7.0,7.0,6.214600000000001
Vietnam,2006,1.0362694300518134,0.0,7.0,7.0,6.755
Vietnam,2007,1.3172916483709494,0.0,9.0,9.0,6.8322
Vietnam,2008,1.5200645060101277,0.0,11.0,11.0,7.236535000000001
Vietnam,2009,1.4230916018189699,0.0,11.0,11.0,7.7296499999999995
Vietnam,2010,1.2123977590480695,0.0,11.0,11.0,9.07293
Vietnam,2011,1.3442174210577766,0.0,11.0,11.0,8.183200000000001
Vietnam,2012,1.2184889075970013,0.0,11.0,11.0,9.027575
Vietnam,2013,1.1690045872802737,0.0,11.0,11.0,9.409715
Vietnam,2014,1.1164509040714934,0.0,11.0,11.0,9.85265
Vietnam,2015,1.722190358611438,0.0,17.716,17.716,10.2869
Vietnam,2016,1.7303062415455164,0.0,17.716,17.716,10.23865
Vietnam,2017,1.8607895016012497,0.0,17.716,17.716,9.52069
Vietnam,2018,1.8340209013784143,0.0,17.716,17.716,9.659650000000001
Vietnam,2019,1.7998577669409734,0.0,17.716,17.716,9.843
Vietnam,2020,2.0042084304364547,0.0,17.716,17.716,8.839400000000001
Vietnam,2021,2.460931531206157,0.0,17.716,17.716,7.1989
Vietnam,2022,2.4465192633252957,1.36,17.716,19.076,7.797200000000002
Vietnam,2023,3.271852750805413,1.36,22.216,23.576,7.205703249999999
Vietnam,2024,3.8657029606044273,1.36,22.216,23.576,6.0987614
ZAF,2004,2.2940408307910136,0.0,5.5843419696,5.5843419696,2.4342818552512204
ZAF,2005,1.6160757830953636,0.0,5.5843419696,5.5843419696,3.4554951123046878
ZAF,2006,1.491276918011504,0.0,5.5843419696,5.5843419696,3.74467136328125
ZAF,2007,1.4731028557172947,0.0,5.5843419696,5.5843419696,3.7908703712890626
ZAF,2008,1.4238794878348153,0.0,5.5843419696,5.5843419696,3.9219203712890627
ZAF,2009,1.6800089488194332,0.0,5.5843419696,5.5843419696,3.3239953712890626
ZAF,2010,1.354746723172376,0.0,5.5843419696,5.5843419696,4.122056081835938
ZAF,2011,1.3044634691072698,0.0,5.5843419696,5.5843419696,4.280949295898437
ZAF,2012,1.281597536191547,0.0,5.5843419696,5.5843419696,4.3573288898437506
ZAF,2013,1.3773641522381557,0.0,5.5843419696,5.5843419696,4.054368600000001
ZAF,2014,1.2992206220138753,0.0,5.5843419696,5.5843419696,4.298224547070313
ZAF,2015,1.2930827741071032,0.0,5.5843419696,5.5843419696,4.318626836132813
ZAF,2016,1.5280074526597298,0.0,5.5843419696,5.5843419696,3.654656238671874
ZAF,2017,1.3922825855046888,0.0,5.5843419696,5.5843419696,4.0109256753906255
ZAF,2018,1.2660648592847927,0.0,5.5843419696,5.5843419696,4.4107866422851565
ZAF,2019,1.310517147958193,0.0,5.5843419696,5.5843419696,4.261174283984376
ZAF,2020,1.4064477286853847,0.0,5.5843419696,5.5843419696,3.9705293383492597
ZAF,2021,1.3298288170342192,0.0,5.5843419696,5.5843419696,4.1992938475
ZAF,2022,1.3079644919856155,0.0,5.5843419696,5.5843419696,4.2694904975
ZAF,2023,1.1769063184447845,0.0,5.5843419696,5.5843419696,4.7449332900000005
ZAF,2024,1.1704680451483807,0.0,5.5843419696,5.5843419696,4.771033256949847
