country_name_x,year,gdp_current_usd,population_total,trade_openness_gdp_pct,log_gdp,log_population,country,node_dli_us,import_share_from_us,vul_us,us_import_share,hhi_imports,ovi_gas,us_production_oil,us_production_gas,us_prod_shock,country_code,country_name_y,in_degree,out_degree,total_degree,norm_in_degree,norm_out_degree,norm_total_degree,in_strength,out_strength,total_strength,norm_in_strength,norm_out_strength,norm_total_strength,betweenness_centrality,pagerank_centrality,eigenvector_centrality
Australia,2000,416167815092.908,19028802.0,40.9352109785505,26.75435441752874,16.761464284058956,Australia,,,,,,,,,,,,,,,,,,,,,,,,,,
Brazil,2000,655448231983.527,174018282.0,22.6397613567941,27.208585162177982,18.974670920624963,Brazil,,,,,,,,,,,,,,,,,,,,,,,,,,
Canada,2000,744773415931.587,30685730.0,82.7653578503214,27.33634586937697,17.239308283647823,Canada,,,,,,,,,,,,,,,,,,,,,,,,,,
China,2000,1223754919971.05,1262645000.0,39.0109424774998,27.832945051188403,20.95647456400401,China,,,,,,,,,,,,,,,,,,,,,,,,,,
France,2000,1360959069477.49,60918661.0,57.7860470318197,27.939210765286347,17.925050106104244,France,,,,,,,,,,,,,,,,,,,,,,,,,,
Germany,2000,1966980701145.1,82211508.0,59.1955992975405,28.307520843973204,18.224805850227323,Germany,,,,,,,,,,,,,,,,,,,,,,,,,,
India,2000,468395521654.458,1057922733.0,26.9009229104474,26.872578907681607,20.77957313652469,India,,,,,,,,,,,,,,,,,,,,,,,,,,
Indonesia,2000,165021012077.81,216077790.0,71.4368759173731,25.82933864866531,19.19114903970289,Indonesia,,,,,,,,,,,,,,,,,,,,,,,,,,
Italy,2000,1149661363439.38,56942108.0,50.2747311455639,27.77048854836546,17.85754566055495,Italy,,,,,,,,,,,,,,,,,,,,,,,,,,
Japan,2000,4968359075956.59,126843000.0,19.5623715839054,29.234110735716857,18.65846065919957,Japan,,,,,,,,,,,,,,,,,,,,,,,,,,
"Korea, Rep.",2000,576179387819.613,47008111.0,66.0951601081834,27.079684886342637,17.665830719253158,"Korea, Rep.",,,,,,,,,,,,,,,,,,,,,,,,,,
Mexico,2000,742061329749.127,98625552.0,49.9104091872497,27.332697731346503,18.406840934072825,Mexico,,,,,,,,,,,,,,,,,,,,,,,,,,
Netherlands,2000,417649282153.726,15925513.0,125.667030082421,26.7579078793721,16.58343297240444,Netherlands,,,,,,,,,,,,,,,,,,,,,,,,,,
Russian Federation,2000,259710142196.943,146596869.0,68.0939070373555,26.28283200836407,18.803196989753555,Russian Federation,,,,,,,,,,,,,,,,,,,,,,,,,,
Saudi Arabia,2000,189514933333.333,16177722.0,68.1664488005167,25.96773366223386,16.599145668582498,Saudi Arabia,,,,,,,,,,,,,,,,,,,,,,,,,,
Spain,2000,598102854756.08,40567864.0,60.1216241049216,27.117028574026964,17.518486784055394,Spain,,,,,,,,,,,,,,,,,,,,,,,,,,
Switzerland,2000,279216033870.204,7184250.0,97.9368562124093,26.355251634087587,15.787401687913247,Switzerland,,,,,,,,,,,,,,,,,,,,,,,,,,
Turkiye,2000,274294623164.043,65425961.0,42.3544370390114,26.337468632671023,17.99642969484731,Turkiye,,,,,,,,,,,,,,,,,,,,,,,,,,
United Kingdom,2000,1665534876683.31,58892514.0,52.521730598718,28.141167435029345,17.891224543770143,United Kingdom,,,,,,,,,,,,,,,,,,,,,,,,,,
United States,2000,10250952000000.0,282162411.0,25.1029855568536,29.95839169524885,19.45799338865284,United States,,,,,,,,,,,,,,,,,,,,,,,,,,
Australia,2001,379629301675.108,19274701.0,44.2187044989977,26.66246109162806,16.77430396497169,Australia,,,,,,,907435.0,10580312.0,0.41549881850700443,,,,,,,,,,,,,,,,,
Brazil,2001,559983634798.981,176301203.0,26.936285022064,27.051173396675345,18.98770447094096,Brazil,,,,,,,907435.0,10580312.0,0.41549881850700443,,,,,,,,,,,,,,,,,
Canada,2001,738981792355.372,31020855.0,78.3442183943698,27.328539119371023,17.250170278195487,Canada,,,,,,,907435.0,10580312.0,0.41549881850700443,,,,,,,,,,,,,,,,,
China,2001,1355036590251.52,1271850000.0,38.0826469518334,27.93484957377127,20.96373837038239,China,,,,,,,907435.0,10580312.0,0.41549881850700443,,,,,,,,,,,,,,,,,
France,2001,1370376677298.86,61364377.0,56.8932328560722,27.946106764911075,17.932340045595225,France,,,,,,,907435.0,10580312.0,0.41549881850700443,,,,,,,,,,,,,,,,,
Germany,2001,1966381496641.73,82349925.0,59.5592863682118,28.307216165950752,18.226488103840698,Germany,,,,,,,907435.0,10580312.0,0.41549881850700443,,,,,,,,,,,,,,,,,
India,2001,485440139204.171,1077898575.0,25.9932547534365,26.908321819865293,20.798279218735953,India,,,,,,,907435.0,10580312.0,0.41549881850700443,,,,,,,,,,,,,,,,,
Indonesia,2001,160446947784.909,219097902.0,69.7932075256238,25.801229181478767,19.20502922898357,Indonesia,,,,,,,907435.0,10580312.0,0.41549881850700443,,,,,,,,,,,,,,,,,
Italy,2001,1172041488805.87,56976981.0,49.8632723203495,27.78976820646181,17.858157902127378,Italy,,,,,,,907435.0,10580312.0,0.41549881850700443,,,,,,,,,,,,,,,,,
Japan,2001,4374711694090.87,127149000.0,19.5596044720071,29.10686173507321,18.660870185074774,Japan,,,,,,,907435.0,10580312.0,0.41549881850700443,,,,,,,,,,,,,,,,,
"Korea, Rep.",2001,547656279894.587,47370164.0,62.2237972179905,27.02891370063588,17.67350313700076,"Korea, Rep.",,,,,,,907435.0,10580312.0,0.41549881850700443,,,,,,,,,,,,,,,,,
Mexico,2001,796064590549.136,100099099.0,44.7401090123173,27.402946163404756,18.42167124324594,Mexico,,,,,,,907435.0,10580312.0,0.41549881850700443,,,,,,,,,,,,,,,,,
Netherlands,2001,432536219668.898,16046180.0,119.47546387654,26.79293190471112,16.59098137298179,Netherlands,,,,,,,907435.0,10580312.0,0.41549881850700443,,,,,,,,,,,,,,,,,
Russian Federation,2001,306602070620.5,145976482.0,61.1108586644206,26.44881655685284,18.7989560845057,Russian Federation,,,,,,,907435.0,10580312.0,0.41549881850700443,,,,,,,,,,,,,,,,,
Saudi Arabia,2001,184137600000.0,17041397.0,63.5605836794513,25.938949141159753,16.65115605957305,Saudi Arabia,,,,,,,907435.0,10580312.0,0.41549881850700443,,,,,,,,,,,,,,,,,
Spain,2001,627798682378.741,40850412.0,58.0138895625701,27.165485382560632,17.52542746489874,Spain,,,,,,,907435.0,10580312.0,0.41549881850700443,,,,,,,,,,,,,,,,,
Switzerland,2001,286582672434.226,7229854.0,96.0398378851633,26.38129289145563,15.793729400293431,Switzerland,,,,,,,907435.0,10580312.0,0.41549881850700443,,,,,,,,,,,,,,,,,
Turkiye,2001,201753123806.695,66245128.0,49.8714751387935,26.03031062752899,18.008872480503793,Turkiye,,,,,,,907435.0,10580312.0,0.41549881850700443,,,,,,,,,,,,,,,,,
United Kingdom,2001,1649827263567.01,59119673.0,52.8216135097523,28.13169170961352,17.895074303465783,United Kingdom,,,,,,,907435.0,10580312.0,0.41549881850700443,,,,,,,,,,,,,,,,,
United States,2001,10581929000000.0,284968955.0,22.9671830154975,29.99016885088127,19.46789080247508,United States,,,,,,,907435.0,10580312.0,0.41549881850700443,,,,,,,,,,,,,,,,,
Australia,2002,395788696012.059,19495210.0,41.4490922022193,26.70414630985878,16.785679352333634,Australia,,,,,,,653059.0,1959586.0,-0.3654420658854176,,,,,,,,,,,,,,,,,
Brazil,2002,509795273806.715,178503484.0,27.6183574022309,26.957275058164235,19.000118677200778,Brazil,,,,,,,653059.0,1959586.0,-0.3654420658854176,,,,,,,,,,,,,,,,,
Canada,2002,760649334098.005,31359199.0,75.7070320779233,27.35743829241706,17.26101821102844,Canada,,,,,,,653059.0,1959586.0,-0.3654420658854176,,,,,,,,,,,,,,,,,
China,2002,1489821682050.54,1280400000.0,42.1944423387413,28.029677552247968,20.970438366059984,China,,,,,,,653059.0,1959586.0,-0.3654420658854176,,,,,,,,,,,,,,,,,
France,2002,1492427756382.43,61812142.0,55.1325248503102,28.031425276607752,17.939610375621637,France,,,,,,,653059.0,1959586.0,-0.3654420658854176,,,,,,,,,,,,,,,,,
Germany,2002,2102350798305.89,82488495.0,58.3325687248129,28.374077262330573,18.228169387034765,Germany,,,,,,,653059.0,1959586.0,-0.3654420658854176,,,,,,,,,,,,,,,,,
India,2002,514939140318.756,1097600380.0,29.5086629350614,26.967314556488695,20.816392161145743,India,,,,,,,653059.0,1959586.0,-0.3654420658854176,,,,,,,,,,,,,,,,,
Indonesia,2002,195660611165.183,222088495.0,59.0794617663723,25.999647419579027,19.218586486532395,Indonesia,,,,,,,653059.0,1959586.0,-0.3654420658854176,,,,,,,,,,,,,,,,,
Italy,2002,1281746271196.04,57089824.0,47.8713186791542,27.87924453845525,17.860136445084052,Italy,,,,,,,653059.0,1959586.0,-0.3654420658854176,,,,,,,,,,,,,,,,,
Japan,2002,4182846045873.61,127445000.0,20.4471220661583,29.062013002995453,18.663195456945832,Japan,,,,,,,653059.0,1959586.0,-0.3654420658854176,,,,,,,,,,,,,,,,,
"Korea, Rep.",2002,627246933729.618,47644736.0,58.3530394029217,27.164606133746748,17.67928270976891,"Korea, Rep.",,,,,,,653059.0,1959586.0,-0.3654420658854176,,,,,,,,,,,,,,,,,
Mexico,2002,810666116401.915,101548624.0,45.209829259652,27.421122112583596,18.436048295923484,Mexico,,,,,,,653059.0,1959586.0,-0.3654420658854176,,,,,,,,,,,,,,,,,
Netherlands,2002,475529972122.746,16148929.0,112.750024358671,26.887695749800777,16.597364289644478,Netherlands,,,,,,,653059.0,1959586.0,-0.3654420658854176,,,,,,,,,,,,,,,,,
Russian Federation,2002,345470494417.863,145306497.0,59.6454457319607,26.568173076848513,18.794355841924887,Russian Federation,,,,,,,653059.0,1959586.0,-0.3654420658854176,,,,,,,,,,,,,,,,,
Saudi Arabia,2002,189605866666.667,17910910.0,64.5927974099254,25.96821336862337,16.700920582349703,Saudi Arabia,,,,,,,653059.0,1959586.0,-0.3654420658854176,,,,,,,,,,,,,,,,,
Spain,2002,708938227243.923,41431558.0,55.1021415309759,27.28703423308748,17.53955341894632,Spain,,,,,,,653059.0,1959586.0,-0.3654420658854176,,,,,,,,,,,,,,,,,
Switzerland,2002,309301422430.386,7284753.0,91.7818508640225,26.45758211549652,15.801294091751814,Switzerland,,,,,,,653059.0,1959586.0,-0.3654420658854176,,,,,,,,,,,,,,,,,
Turkiye,2002,240249071871.106,67048795.0,47.9823940487577,26.20494202160977,18.020931195867533,Turkiye,,,,,,,653059.0,1959586.0,-0.3654420658854176,,,,,,,,,,,,,,,,,
United Kingdom,2002,1785729916067.15,59370479.0,51.3796342070387,28.210848364140787,17.899307674262147,United Kingdom,,,,,,,653059.0,1959586.0,-0.3654420658854176,,,,,,,,,,,,,,,,,
United States,2002,10929108000000.0,287625193.0,22.2863842136065,30.022450804539673,19.47716877733218,United States,,,,,,,653059.0,1959586.0,-0.3654420658854176,,,,,,,,,,,,,,,,,
Australia,2003,467739079790.332,19720737.0,40.2015669125448,26.87117645557545,16.797181279665555,Australia,,,,,,,929219.0,2325334.0,0.23638581987116652,,,,,,,,,,,,,,,,,
Brazil,2003,558233745651.874,180622688.0,28.1403847231593,27.04804361063172,19.01192081674905,Brazil,,,,,,,929219.0,2325334.0,0.23638581987116652,,,,,,,,,,,,,,,,,
Canada,2003,895540646634.787,31642461.0,69.8400946170607,27.520693447294015,17.270010479128427,Canada,,,,,,,929219.0,2325334.0,0.23638581987116652,,,,,,,,,,,,,,,,,
China,2003,1683903309843.85,1288400000.0,51.0774801301803,28.15213561314293,20.976666975421317,China,,,,,,,929219.0,2325334.0,0.23638581987116652,,,,,,,,,,,,,,,,,
France,2003,1835095983049.09,62249855.0,52.5988822870657,28.238117902905863,17.94666676398911,France,,,,,,,929219.0,2325334.0,0.23638581987116652,,,,,,,,,,,,,,,,,
Germany,2003,2534715518349.01,82534176.0,58.9145442942507,28.561102525115807,18.22872302007064,Germany,,,,,,,929219.0,2325334.0,0.23638581987116652,,,,,,,,,,,,,,,,,
India,2003,607700687237.318,1116803006.0,30.592436132908,27.13294830696962,20.833735981587672,India,,,,,,,929219.0,2325334.0,0.23638581987116652,,,,,,,,,,,,,,,,,
Indonesia,2003,234772463823.808,225048008.0,53.6164937473016,26.18188264299673,19.23182430629768,Indonesia,,,,,,,929219.0,2325334.0,0.23638581987116652,,,,,,,,,,,,,,,,,
Italy,2003,1582930016538.82,57399184.0,45.9940859777074,28.090298686462173,17.865540645160873,Italy,,,,,,,929219.0,2325334.0,0.23638581987116652,,,,,,,,,,,,,,,,,
Japan,2003,4519561645253.53,127718000.0,21.3261252678119,29.139436123931112,18.66533526643363,Japan,,,,,,,929219.0,2325334.0,0.23638581987116652,,,,,,,,,,,,,,,,,
"Korea, Rep.",2003,702714855193.904,47892330.0,61.1746012790121,27.278217035086055,17.684465924298767,"Korea, Rep.",,,,,,,929219.0,2325334.0,0.23638581987116652,,,,,,,,,,,,,,,,,
Mexico,2003,765549967888.647,102978515.0,48.7004168690455,27.363860324752046,18.450030932202516,Mexico,,,,,,,929219.0,2325334.0,0.23638581987116652,,,,,,,,,,,,,,,,,
Netherlands,2003,582435617081.96,16225302.0,111.30450319576,27.090484487662867,16.602082433632358,Netherlands,,,,,,,929219.0,2325334.0,0.23638581987116652,,,,,,,,,,,,,,,,,
Russian Federation,2003,430347420184.885,144648618.0,59.1282690076014,26.78785867333329,18.78981803524468,Russian Federation,,,,,,,929219.0,2325334.0,0.23638581987116652,,,,,,,,,,,,,,,,,
Saudi Arabia,2003,215807733333.333,18786767.0,69.831170708742,26.097653724778656,16.748663296979522,Saudi Arabia,,,,,,,929219.0,2325334.0,0.23638581987116652,,,,,,,,,,,,,,,,,
Spain,2003,907963217057.645,42187645.0,53.4357897202258,27.53446970487875,17.557637963628153,Spain,,,,,,0.2793538195552078,929219.0,2325334.0,0.23638581987116652,,,,,,,,,,,,,,,,,
Switzerland,2003,362075086507.76,7339001.0,90.3354963143961,26.615117448555516,15.808713287785537,Switzerland,,,,,,,929219.0,2325334.0,0.23638581987116652,,,,,,,,,,,,,,,,,
Turkiye,2003,314595572145.767,67831730.0,46.2250976270923,26.47455375291899,18.032540637535835,Turkiye,,,,,,,929219.0,2325334.0,0.23638581987116652,,,,,,,,,,,,,,,,,
United Kingdom,2003,2054422857142.86,59647577.0,50.2395230519083,28.351016076325863,17.903964085398176,United Kingdom,,,,,,,929219.0,2325334.0,0.23638581987116652,,,,,,,,,,,,,,,,,
United States,2003,11456450000000.0,290107933.0,22.6272972866813,30.06957400610163,19.485763594460593,United States,,,,,,,929219.0,2325334.0,0.23638581987116652,,,,,,,,,,,,,,,,,
Australia,2004,614659980082.515,19932722.0,37.0096135930442,27.14433507394497,16.80787326088613,Australia,,,,,,,634759.0,9554276.0,0.04840203175174067,,,,,,,,,,,,,,,,,
Brazil,2004,669289424806.307,182675143.0,29.6782524787535,27.229482426549136,19.023219958452252,Brazil,,,,,,,634759.0,9554276.0,0.04840203175174067,,,,,,,,,,,,,,,,,
Canada,2004,1026690238278.25,31938807.0,70.1924199909562,27.65736138334429,17.279332348769906,Canada,,,,,,,634759.0,9554276.0,0.04840203175174067,,,,,,,,,,,,,,,,,
China,2004,1984196551300.44,1296075000.0,58.6403340408439,28.31623518808009,20.98260630357244,China,,,,,,,634759.0,9554276.0,0.04840203175174067,,,,,,,,,,,,,,,,,
France,2004,2109792297237.03,62707588.0,53.7497648292028,28.37761062124283,17.953993019014383,France,,,,,,,634759.0,9554276.0,0.04840203175174067,,,,,,,,,,,,,,,,,
Germany,2004,2852317768061.78,82516260.0,62.9064909465164,28.679153031650426,18.228505922794135,Germany,,,,,,,634759.0,9554276.0,0.04840203175174067,,,,,,,,,,,,,,,,,
India,2004,709152728830.775,1135991513.0,37.503814059447,27.287336754710047,20.850771686266757,India,,,,,,,634759.0,9554276.0,0.04840203175174067,,,,,,,,,,,,,,,,,
Indonesia,2004,256836875295.452,227926649.0,59.761294836691,26.27170699384066,19.24453442024509,Indonesia,,,,,,,634759.0,9554276.0,0.04840203175174067,,,,,,,,,,,,,,,,,
Italy,2004,1812808753294.75,57828179.0,47.2663923891771,28.225898555813277,17.872986740791998,Italy,,,,,,,634759.0,9554276.0,0.04840203175174067,,,,,,,,,,,,,,,,,
Japan,2004,4893116005656.56,127761000.0,23.6643534228975,29.218850436447557,18.665671889016355,Japan,,,,,,,634759.0,9554276.0,0.04840203175174067,,,,,,,,,,,,,,,,,
"Korea, Rep.",2004,793175561887.027,48082519.0,70.0157148656729,27.39931042359527,17.688429238665744,"Korea, Rep.",,,,,,,634759.0,9554276.0,0.04840203175174067,,,,,,,,,,,,,,,,,
Mexico,2004,819459227375.022,104394131.0,52.0406200335632,27.431910480841957,18.46368401535751,Mexico,,,,,,,634759.0,9554276.0,0.04840203175174067,,,,,,,,,,,,,,,,,
Netherlands,2004,661224886143.245,16281779.0,116.958160026939,27.21735984003019,16.605557187752847,Netherlands,,,,,,,634759.0,9554276.0,0.04840203175174067,,,,,,,,,,,,,,,,,
Russian Federation,2004,591016690732.385,144067316.0,56.5818523984055,27.105110095463683,18.785791220531397,Russian Federation,,,,,,,634759.0,9554276.0,0.04840203175174067,,,,,,,,,,,,,,,,,
Saudi Arabia,2004,258742133333.333,19669480.0,75.0828366569341,26.27909777848733,16.794578753818545,Saudi Arabia,,,,,,,634759.0,9554276.0,0.04840203175174067,,,,,,,,,,,,,,,,,
Spain,2004,1069829382514.67,42921895.0,54.4795182656074,27.6985202960942,17.574892626662635,Spain,,,,,,0.23697366934329822,634759.0,9554276.0,0.04840203175174067,,,,,,,,,,,,,,,,,
Switzerland,2004,403912891033.374,7389625.0,95.5170944588529,26.72446507540501,15.815587547387867,Switzerland,,,,,,,634759.0,9554276.0,0.04840203175174067,,,,,,,,,,,,,,,,,
Turkiye,2004,408865430220.331,68592617.0,48.8258381508865,26.73665191738359,18.04369546299754,Turkiye,,,,,,,634759.0,9554276.0,0.04840203175174067,,,,,,,,,,,,,,,,,
United Kingdom,2004,2421525082387.4,59987905.0,50.4517112404991,28.515418656938568,17.90965351653239,United Kingdom,,,,,,,634759.0,9554276.0,0.04840203175174067,,,,,,,,,,,,,,,,,
United States,2004,12217196000000.0,292805298.0,24.4480566571904,30.133865583440247,19.495018434150023,United States,,,,,,,634759.0,9554276.0,0.04840203175174067,,,,,,,,,,,,,,,,,
Australia,2005,695692898676.56,20176844.0,39.1607469727979,27.268174162373228,16.82004616819137,Australia,,,,,,,332297.0,30872883.0,0.4400692365063845,,,,,,,,,,,,,,,,,
Brazil,2005,891633839894.183,184688101.0,27.0867952043315,27.516321391858774,19.03417901970491,Brazil,,,,,,,332297.0,30872883.0,0.4400692365063845,,,,,,,,,,,,,,,,,
Canada,2005,1173108598778.68,32242732.0,69.7591330167357,27.79067826339344,17.28880321146661,Canada,,,,,,,332297.0,30872883.0,0.4400692365063845,,,,,,,,,,,,,,,,,
China,2005,2317551298052.05,1303720000.0,61.3600749408237,28.471532269223236,20.98848755346801,China,,,,,,,332297.0,30872883.0,0.4400692365063845,,,,,,,,,,,,,,,,,
France,2005,2192146403028.17,63180854.0,55.8228361241299,28.415902272486615,17.961511870182598,France,,,,,,,332297.0,30872883.0,0.4400692365063845,,,,,,,,,,,,,,,,,
Germany,2005,2893393187361.87,82469422.0,66.9531024934321,28.693451042594948,18.227938140175787,Germany,,,,,,,332297.0,30872883.0,0.4400692365063845,,,,,,,,,,,,,,,,,
India,2005,820383763511.445,1154676322.0,42.0016696148691,27.43303807200711,20.86708590095277,India,,,,,,,332297.0,30872883.0,0.4400692365063845,,,,,,,,,,,,,,,,,
Indonesia,2005,285868619196.085,230871650.0,63.9879358688635,26.3787981687817,19.257372486362165,Indonesia,,,,,,,332297.0,30872883.0,0.4400692365063845,,,,,,,,,,,,,,,,,
Italy,2005,1864982261286.85,58166682.0,49.1221742288618,28.25427265760475,17.878823274548928,Italy,,,,,,,332297.0,30872883.0,0.4400692365063845,,,,,,,,,,,,,,,,,
Japan,2005,4831467035389.8,127773000.0,26.2299545778565,29.206171271510343,18.66576580998193,Japan,,,,,,,332297.0,30872883.0,0.4400692365063845,,,,,,,,,,,,,,,,,
"Korea, Rep.",2005,934901071332.984,48184561.0,68.3248110236401,27.563706554576264,17.69054921650692,"Korea, Rep.",,,,,,,332297.0,30872883.0,0.4400692365063845,,,,,,,,,,,,,,,,,
Mexico,2005,917571853529.104,105811504.0,52.5626446517886,27.544996728281856,18.477169804936775,Mexico,,,,,,,332297.0,30872883.0,0.4400692365063845,,,,,,,,,,,,,,,,,
Netherlands,2005,688133699635.797,16319868.0,122.255849523252,27.257248986865942,16.60789381923223,Netherlands,,,,,,,332297.0,30872883.0,0.4400692365063845,,,,,,,,,,,,,,,,,
Russian Federation,2005,764015973481.11,143518814.0,56.7132484905422,27.36185453359216,18.78197669258398,Russian Federation,,,,,,,332297.0,30872883.0,0.4400692365063845,,,,,,,,,,,,,,,,,
Saudi Arabia,2005,328459608764.111,20559890.0,81.9540759410158,26.517679710733248,16.838852648342375,Saudi Arabia,,,,,,,332297.0,30872883.0,0.4400692365063845,,,,,,,,,,,,,,,,,
Spain,2005,1154667551775.88,43653155.0,54.6991667043772,27.77483358450988,17.59178611713384,Spain,,,,,,0.19987346309236548,332297.0,30872883.0,0.4400692365063845,,,,,,,,,,,,,,,,,
Switzerland,2005,418284865884.998,7437115.0,102.261172141836,26.75942853468984,15.8219935627903,Switzerland,,,,,,,332297.0,30872883.0,0.4400692365063845,,,,,,,,,,,,,,,,,
Turkiye,2005,506314717661.655,69329557.0,46.1423570520464,26.950424284553016,18.054381881167984,Turkiye,,,,,,,332297.0,30872883.0,0.4400692365063845,,,,,,,,,,,,,,,,,
United Kingdom,2005,2543180000000.0,60401206.0,52.6807168405482,28.564436382403873,17.916519629593125,United Kingdom,,,,,,,332297.0,30872883.0,0.4400692365063845,,,,,,,,,,,,,,,,,
United States,2005,13039197000000.0,295516599.0,25.6385573436769,30.198981090776343,19.50423556582164,United States,,,,,,,332297.0,30872883.0,0.4400692365063845,,,,,,,,,,,,,,,,,
Australia,2006,748417562769.636,20450966.0,41.5594471705758,27.341226898160304,16.833540676501258,Australia,,,,,,,208340.0,8920834.0,-0.6914418377117387,,,,,,,,,,,,,,,,,
Brazil,2006,1107626541434.92,186653106.0,26.04169989179,27.733240590970663,19.044762403957908,Brazil,,,,,,,208340.0,8920834.0,-0.6914418377117387,,,,,,,,,,,,,,,,,
Canada,2006,1319264809590.97,32571193.0,68.0521644769988,27.908095734934555,17.298938805381106,Canada,,,,,,,208340.0,8920834.0,-0.6914418377117387,,,,,,,,,,,,,,,,,
China,2006,2791498472804.33,1311020000.0,63.5695798621627,28.65759965460885,20.99407129714174,China,,,,,,,208340.0,8920834.0,-0.6914418377117387,,,,,,,,,,,,,,,,,
France,2006,2317861544690.82,63622342.0,57.8692775292673,28.47166612855778,17.968475255930883,France,,,,,,,208340.0,8920834.0,-0.6914418377117387,,,,,,,,,,,,,,,,,
Germany,2006,3046308753670.58,82376451.0,72.7591934646234,28.744951728912167,18.22681016519934,Germany,,,,,,,208340.0,8920834.0,-0.6914418377117387,,,,,,,,,,,,,,,,,
India,2006,940259888787.721,1172878890.0,45.7244804992652,27.569422151431365,20.882727153205455,India,,,,,,,208340.0,8920834.0,-0.6914418377117387,,,,,,,,,,,,,,,,,
Indonesia,2006,364570515618.357,233951652.0,56.6571268148867,26.62198582817102,19.27062503658946,Indonesia,,,,,,,208340.0,8920834.0,-0.6914418377117387,,,,,,,,,,,,,,,,,
Italy,2006,1958563654385.64,58399861.0,52.9235429597012,28.303232491125172,17.882824067658635,Italy,,,,,,,208340.0,8920834.0,-0.6914418377117387,,,,,,,,,,,,,,,,,
Japan,2006,4601663122649.92,127854000.0,30.0163760986692,29.15743890248288,18.66639954587611,Japan,,,,,,,208340.0,8920834.0,-0.6914418377117387,,,,,,,,,,,,,,,,,
"Korea, Rep.",2006,1053216909887.56,48438292.0,70.6518735304194,27.682870320162767,17.695801215911906,"Korea, Rep.",,,,,,,208340.0,8920834.0,-0.6914418377117387,,,,,,,,,,,,,,,,,
Mexico,2006,1020265057882.01,107253666.0,54.4821160886169,27.65108357013543,18.4907072970064,Mexico,,,,,,,208340.0,8920834.0,-0.6914418377117387,,,,,,,,,,,,,,,,,
Netherlands,2006,737593995289.411,16346101.0,127.195613539333,27.32665936827905,16.609499955920807,Netherlands,,,,,,,208340.0,8920834.0,-0.6914418377117387,,,,,,,,,,,,,,,,,
Russian Federation,2006,989932071352.543,143049637.0,54.733401867266,27.620902162925532,18.7787022398829,Russian Federation,,,,,,,208340.0,8920834.0,-0.6914418377117387,,,,,,,,,,,,,,,,,
Saudi Arabia,2006,376900133511.348,21459144.0,89.9446046768984,26.655246091454902,16.881661406207247,Saudi Arabia,,,,,,,208340.0,8920834.0,-0.6914418377117387,,,,,,,,,,,,,,,,,
Spain,2006,1261846683275.29,44397319.0,56.0839263823216,27.86359738556384,17.60868964269645,Spain,,,,,,0.43064792515283207,208340.0,8920834.0,-0.6914418377117387,,,,,,,,,,,,,,,,,
Switzerland,2006,441634672196.523,7483934.0,106.245154784945,26.813748843764937,15.828269147523764,Switzerland,,,,,,,208340.0,8920834.0,-0.6914418377117387,,,,,,,,,,,,,,,,,
Turkiye,2006,557076157773.479,70045349.0,48.7628710706907,27.045967796025373,18.064653433111182,Turkiye,,,,,,,208340.0,8920834.0,-0.6914418377117387,,,,,,,,,,,,,,,,,
United Kingdom,2006,2708441582336.71,60846820.0,56.9144274808123,28.627394523540293,17.923870116377337,United Kingdom,,,,,,,208340.0,8920834.0,-0.6914418377117387,,,,,,,,,,,,,,,,,
United States,2006,13815583000000.0,298379912.0,26.9752858058903,30.256818273920207,19.513878104993,United States,,,,,,,208340.0,8920834.0,-0.6914418377117387,,,,,,,,,,,,,,,,,
Australia,2007,855007458585.224,20827622.0,42.0080200326348,27.47437602933661,16.851790644454184,Australia,,,,,,,458474.0,17151162.0,0.1557221704040463,,,,,,,,,,,,,,,,,
Brazil,2007,1397114486368.67,188552320.0,25.2926113755394,27.965430144433693,19.054886086021476,Brazil,,,,,,,458474.0,17151162.0,0.1557221704040463,,,,,,,,,,,,,,,,,
Canada,2007,1468820407783.26,32888886.0,66.2834197482347,28.015480750904064,17.308645347114272,Canada,,,,,,,458474.0,17151162.0,0.1557221704040463,,,,,,,,,,,,,,,,,
China,2007,3604055822571.63,1317885000.0,61.2664640006176,28.913080944614517,20.999294015805663,China,,,,,,,458474.0,17151162.0,0.1557221704040463,,,,,,,,,,,,,,,,,
France,2007,2655816911866.56,64016890.0,58.1525611309659,28.607773411381512,17.974657512756817,France,,,,,,,458474.0,17151162.0,0.1557221704040463,,,,,,,,,,,,,,,,,
Germany,2007,3484056680854.91,82266372.0,74.8838416816798,28.879218443688565,18.22547297947333,Germany,,,,,,,458474.0,17151162.0,0.1557221704040463,,,,,,,,,,,,,,,,,
India,2007,1216736438834.96,1190676021.0,45.686268679348,27.8271933401982,20.89778706764467,India,,,,,,,458474.0,17151162.0,0.1557221704040463,,,,,,,,,,,,,,,,,
Indonesia,2007,432216737774.861,237062337.0,54.8292499782075,26.792193007189415,19.283833689830768,Indonesia,,,,,,,458474.0,17151162.0,0.1557221704040463,,,,,,,,,,,,,,,,,
Italy,2007,2222524108127.65,58756247.0,54.8280415572531,28.42966465157717,17.888908037250598,Italy,,,,,,,458474.0,17151162.0,0.1557221704040463,,,,,,,,,,,,,,,,,
Japan,2007,4579750920354.81,128001000.0,32.816578051879,29.15266572837376,18.667548634353373,Japan,,,,,,,458474.0,17151162.0,0.1557221704040463,,,,,,,,,,,,,,,,,
"Korea, Rep.",2007,1172614086539.86,48683638.0,73.8745252877915,27.79025663448629,17.70085355624111,"Korea, Rep.",,,,,,,458474.0,17151162.0,0.1557221704040463,,,,,,,,,,,,,,,,,
Mexico,2007,1102355554880.44,108774360.0,55.2585243990368,27.72847041970261,18.504786202848813,Mexico,,,,,,,458474.0,17151162.0,0.1557221704040463,,,,,,,,,,,,,,,,,
Netherlands,2007,853499460872.552,16381696.0,129.798241740597,27.4726107475141,16.61167517193275,Netherlands,,,,,,,458474.0,17151162.0,0.1557221704040463,,,,,,,,,,,,,,,,,
Russian Federation,2007,1299703478481.65,142805114.0,51.7061227454606,27.893157260903113,18.776991419553443,Russian Federation,,,,,,,458474.0,17151162.0,0.1557221704040463,,,,,,,,,,,,,,,,,
Saudi Arabia,2007,415964509673.115,22368313.0,94.8633170967657,26.753865780282503,16.923155917122347,Saudi Arabia,,,,,,,458474.0,17151162.0,0.1557221704040463,,,,,,,,,,,,,,,,,
Spain,2007,1476746276854.51,45226803.0,57.6269487657546,28.02086232195537,17.62720045578097,Spain,,,,,,0.5188694673825494,458474.0,17151162.0,0.1557221704040463,,,,,,,,,,,,,,,,,
Switzerland,2007,490740715594.802,7551117.0,113.331857768509,26.91918175111567,15.837206057301994,Switzerland,,,,,,,458474.0,17151162.0,0.1557221704040463,,,,,,,,,,,,,,,,,
Turkiye,2007,681321124295.914,70158112.0,47.8508167487862,27.247299580110493,18.06626199574594,Turkiye,,,,,,,458474.0,17151162.0,0.1557221704040463,,,,,,,,,,,,,,,,,
United Kingdom,2007,3090510204081.63,61322463.0,52.9643534370859,28.759357307797817,17.93165677750175,United Kingdom,,,,,,,458474.0,17151162.0,0.1557221704040463,,,,,,,,,,,,,,,,,
United States,2007,14474228000000.0,301231207.0,28.0120155631098,30.303390804632,19.523388657420725,United States,,,,,,,458474.0,17151162.0,0.1557221704040463,,,,,,,,,,,,,,,,,
Australia,2008,1056112427190.38,21249199.0,42.8467764017331,27.685615760688012,16.87182975850661,Australia,,,,,,,490092.0,19802462.0,0.3319241553657592,,,,,,,,,,,,,,,,,
Brazil,2008,1695855083497.52,190367302.0,27.257569417356,28.15920820359655,19.06446593238043,Brazil,,,,,,,490092.0,19802462.0,0.3319241553657592,,,,,,,,,,,,,,,,,
Canada,2008,1552989690721.65,33247298.0,67.0236083618983,28.071203021774064,17.319484058606214,Canada,,,,,,,490092.0,19802462.0,0.3319241553657592,,,,,,,,,,,,,,,,,
China,2008,4667346414521.95,1324655000.0,56.7111330003209,29.171611806522975,21.00441788512204,China,,,,,,,490092.0,19802462.0,0.3319241553657592,,,,,,,,,,,,,,,,,
France,2008,2926802941585.86,64375116.0,59.1797928411748,28.704931797007667,17.980237718888297,France,,,,,,,490092.0,19802462.0,0.3319241553657592,,,,,,,,,,,,,,,,,
Germany,2008,3808786022312.5,82110097.0,76.1014102128448,28.968331624979747,18.223571551026374,Germany,,,,,,,490092.0,19802462.0,0.3319241553657592,,,,,,,,,,,,,,,,,
India,2008,1198895139005.92,1207930964.0,53.3682204392226,27.812421531106732,20.912174785819342,India,,,,,,,490092.0,19802462.0,0.3319241553657592,,,,,,,,,,,,,,,,,
Indonesia,2008,510228634992.258,240157903.0,58.5613996312961,26.958124766113,19.296807194132423,Indonesia,,,,,,,490092.0,19802462.0,0.3319241553657592,,,,,,,,,,,,,,,,,
Italy,2008,2417508414187.19,59211181.0,54.2142548956671,28.51375854480025,17.896620950264115,Italy,,,,,,,490092.0,19802462.0,0.3319241553657592,,,,,,,,,,,,,,,,,
Japan,2008,5106679115127.3,128063000.0,34.1294765412245,29.261570429258025,18.66803288829935,Japan,,,,,,,490092.0,19802462.0,0.3319241553657592,,,,,,,,,,,,,,,,,
"Korea, Rep.",2008,1047339010225.25,49054708.0,95.5163524347469,27.677273787408826,17.70844672305962,"Korea, Rep.",,,,,,,490092.0,19802462.0,0.3319241553657592,,,,,,,,,,,,,,,,,
Mexico,2008,1161553459984.65,110374288.0,56.3652818731773,27.78077941477409,18.519387766131462,Mexico,,,,,,,490092.0,19802462.0,0.3319241553657592,,,,,,,,,,,,,,,,,
Netherlands,2008,957901566041.406,16445593.0,130.152049980117,27.58801086020333,16.615568096547744,Netherlands,,,,,,,490092.0,19802462.0,0.3319241553657592,,,,,,,,,,,,,,,,,
Russian Federation,2008,1660848058303.11,142742366.0,53.3824660408908,28.13834946633886,18.776551926961808,Russian Federation,,,,,,,490092.0,19802462.0,0.3319241553657592,,,,,,,,,,,,,,,,,
Saudi Arabia,2008,519796800000.0,23287877.0,96.1026308742185,26.976703802920923,16.963443482703507,Saudi Arabia,,,,,,,490092.0,19802462.0,0.3319241553657592,,,,,,,,,,,,,,,,,
Spain,2008,1636115447612.5,45954106.0,55.8281315172523,28.123345918619677,17.643153760771607,Spain,,,,,,0.47240633937284,490092.0,19802462.0,0.3319241553657592,,,,,,,,,,,,,,,,,
Switzerland,2008,567267767519.158,7647675.0,116.778000147488,27.064097282317963,15.849912238040572,Switzerland,,,,,,,490092.0,19802462.0,0.3319241553657592,,,,,,,,,,,,,,,,,
Turkiye,2008,770449132861.373,71051678.0,50.5482538951665,27.370239471177335,18.07891802939951,Turkiye,,,,,,,490092.0,19802462.0,0.3319241553657592,,,,,,,,,,,,,,,,,
United Kingdom,2008,2929411764705.88,61806995.0,56.6986069277108,28.70582275590294,17.93952710372494,United Kingdom,,,,,,,490092.0,19802462.0,0.3319241553657592,,,,,,,,,,,,,,,,,
United States,2008,14769862000000.0,304093966.0,29.8677875257061,30.323609869164816,19.53284731029355,United States,,,,,,,490092.0,19802462.0,0.3319241553657592,,,,,,,,,,,,,,,,,
Australia,2009,928762122698.05,21691653.0,45.7408630288694,27.557118485596344,16.892438090134338,Australia,,,,,,,326437.0,5114544.0,-0.6240126429292723,,,,,,,,,,,,,,,,,
Brazil,2009,1666996438581.43,192079951.0,22.1059756060333,28.142044583271066,19.0734222547752,Brazil,,,,,,,326437.0,5114544.0,-0.6240126429292723,,,,,,,,,,,,,,,,,
Canada,2009,1374625142157.29,33630069.0,58.4743918224897,27.949202185992828,17.330931135453866,Canada,,,,,,,326437.0,5114544.0,-0.6240126429292723,,,,,,,,,,,,,,,,,
China,2009,5189577094997.58,1331260000.0,44.4197644331119,29.277673325200087,21.009391699130887,China,,,,,,,326437.0,5114544.0,-0.6240126429292723,,,,,,,,,,,,,,,,,
France,2009,2700075882518.98,64706436.0,52.1991123027613,28.62430099318056,17.98537122902155,France,,,,,,,326437.0,5114544.0,-0.6240126429292723,,,,,,,,,,,,,,,,,
Germany,2009,3479800820863.28,81902307.0,66.1152685310257,28.87799617269281,18.22103771692474,Germany,,,,,,,326437.0,5114544.0,-0.6240126429292723,,,,,,,,,,,,,,,,,
India,2009,1341888016994.9,1225524753.0,46.2728696428837,27.9250987061341,20.926634959014873,India,,,,,,,326437.0,5114544.0,-0.6240126429292723,,,,,,,,,,,,,,,,,
Indonesia,2009,539580085612.401,243220028.0,45.5121213687054,27.014057054765768,19.30947705663923,Indonesia,,,,,,,326437.0,5114544.0,-0.6240126429292723,,,,,,,,,,,,,,,,,
Italy,2009,2209484319012.65,59555454.0,45.1414765721604,28.42378026441696,17.90241843647352,Italy,,,,,,,326437.0,5114544.0,-0.6240126429292723,,,,,,,,,,,,,,,,,
Japan,2009,5289493117993.89,128047000.0,24.3901665338555,29.296743538303083,18.66790794198706,Japan,,,,,,,326437.0,5114544.0,-0.6240126429292723,,,,,,,,,,,,,,,,,
"Korea, Rep.",2009,943941876218.743,49307835.0,86.133619369747,27.57333042939411,17.713593551334977,"Korea, Rep.",,,,,,,326437.0,5114544.0,-0.6240126429292723,,,,,,,,,,,,,,,,,
Mexico,2009,943437415024.633,111999721.0,54.5917421313503,27.572795866777614,18.53400693818484,Mexico,,,,,,,326437.0,5114544.0,-0.6240126429292723,,,,,,,,,,,,,,,,,
Netherlands,2009,878954223140.234,16530388.0,115.109660363107,27.50199865493671,16.620710941996023,Netherlands,,,,,,,326437.0,5114544.0,-0.6240126429292723,,,,,,,,,,,,,,,,,
Russian Federation,2009,1222645900055.7,142785348.0,48.4350610278181,27.832038396823148,18.776852997563484,Russian Federation,,,,,,,326437.0,5114544.0,-0.6240126429292723,,,,,,,,,,,,,,,,,
Saudi Arabia,2009,429097866666.667,24217654.0,84.8583415624843,26.78495085728545,17.002592429300343,Saudi Arabia,,,,,,,326437.0,5114544.0,-0.6240126429292723,,,,,,,,,,,,,,,,,
Spain,2009,1496587590847.66,46362946.0,46.8366899971109,28.034208692995858,17.65201112057734,Spain,,,,,,0.5281521138376145,326437.0,5114544.0,-0.6240126429292723,,,,,,,,,,,,,,,,,
Switzerland,2009,554212916092.271,7743831.0,109.775984764795,27.04081477493603,15.86240708435331,Switzerland,,,,,,,326437.0,5114544.0,-0.6240126429292723,,,,,,,,,,,,,,,,,
Turkiye,2009,649289324627.732,72039206.0,46.7870669467638,27.199144254969973,18.092721056556655,Turkiye,,,,,,,326437.0,5114544.0,-0.6240126429292723,,,,,,,,,,,,,,,,,
United Kingdom,2009,2412840006231.5,62276270.0,55.004384033595,28.51182559545461,17.947091012320875,United Kingdom,,,,,,,326437.0,5114544.0,-0.6240126429292723,,,,,,,,,,,,,,,,,
United States,2009,14478067000000.0,306771529.0,24.759527635837,30.3036559994998,19.54161382328158,United States,,,,,,,326437.0,5114544.0,-0.6240126429292723,,,,,,,,,,,,,,,,,
Australia,2010,1148838233480.72,22031750.0,40.5215889941287,27.76977231591978,16.907995152754747,Australia,,,,,,,574157.0,8301188.0,-0.06586738089552976,,,,,,,,,,,,,,,,,
Brazil,2010,2208837745100.55,193701929.0,22.772178113177,28.423487585926196,19.081831087026657,Brazil,,,,,,,574157.0,8301188.0,-0.06586738089552976,,,,,,,,,,,,,,,,,
Canada,2010,1617343367486.26,34005902.0,60.2081215044483,28.111806022457124,17.342044655751035,Canada,,,,,,,574157.0,8301188.0,-0.06586738089552976,,,,,,,,,,,,,,,,,
China,2010,6192564874453.29,1337705000.0,49.8540722339456,29.454370474549485,21.01422129601767,China,,,,,,,574157.0,8301188.0,-0.06586738089552976,,,,,,,,,,,,,,,,,
France,2010,2646230027988.34,65026211.0,56.587555247796,28.604157112078703,17.99030099273188,France,,,,,,,574157.0,8301188.0,-0.06586738089552976,,,,,,,,,,,,,,,,,
Germany,2010,3468154343000.01,81776930.0,73.8626407651201,28.874643678758492,18.219505732455367,Germany,,,,,,,574157.0,8301188.0,-0.06586738089552976,,,,,,,,,,,,,,,,,
India,2010,1675615519484.96,1243481564.0,49.2552064974161,28.147201688022804,20.941180995203176,India,,,,,,,574157.0,8301188.0,-0.06586738089552976,,,,,,,,,,,,,,,,,
Indonesia,2010,755094157621.936,246305322.0,46.7012738758737,27.350108290501566,19.322082470652692,Indonesia,,,,,,,574157.0,8301188.0,-0.06586738089552976,,,,,,,,,,,,,,,,,
Italy,2010,2144936254535.0,59819407.0,51.6621118138339,28.39413094970143,17.90684069804439,Italy,,,,,,,574157.0,8301188.0,-0.06586738089552976,,,,,,,,,,,,,,,,,
Japan,2010,5759071769013.11,128070000.0,28.4984726938389,29.381797426437096,18.668087547402255,Japan,,,,,,,574157.0,8301188.0,-0.06586738089552976,,,,,,,,,,,,,,,,,
"Korea, Rep.",2010,1143672241149.72,49554112.0,91.3995964951756,27.76526546534497,17.71857580217899,"Korea, Rep.",,,,,,,574157.0,8301188.0,-0.06586738089552976,,,,,,,,,,,,,,,,,
Mexico,2010,1105424238572.81,113623895.0,59.2733845378721,27.731250303527652,18.548404385442133,Mexico,,,,,,,574157.0,8301188.0,-0.06586738089552976,,,,,,,,,,,,,,,,,
Netherlands,2010,852464982433.335,16615394.0,130.081707935343,27.471397968935893,16.625840173001556,Netherlands,,,,,,,574157.0,8301188.0,-0.06586738089552976,,,,,,,,,,,,,,,,,
Russian Federation,2010,1524916715223.95,142849468.0,50.3555054872589,28.05296091152868,18.77730196244791,Russian Federation,,,,,,,574157.0,8301188.0,-0.06586738089552976,,,,,,,,,,,,,,,,,
Saudi Arabia,2010,528207466666.667,23978487.0,82.5496850227537,26.992754972769102,16.992667611327914,Saudi Arabia,,,,,,,574157.0,8301188.0,-0.06586738089552976,,,,,,,,,,,,,,,,,
Spain,2010,1427989078916.67,46576897.0,52.6933699734019,27.98728833199924,17.65661520362785,Spain,,,,,,0.5297754444055727,574157.0,8301188.0,-0.06586738089552976,,,,,,,,,,,,,,,,,
Switzerland,2010,598851027947.721,7824909.0,120.065123781818,27.118278702874683,15.872822664929895,Switzerland,,,,,,,574157.0,8301188.0,-0.06586738089552976,,,,,,,,,,,,,,,,,
Turkiye,2010,776967266305.53,73142150.0,46.6944652263085,27.378664058119725,18.107915365932985,Turkiye,,,,,,,574157.0,8301188.0,-0.06586738089552976,,,,,,,,,,,,,,,,,
United Kingdom,2010,2485482596184.71,62766365.0,59.2727749722888,28.541487960318104,17.954929898787338,United Kingdom,,,,,,,574157.0,8301188.0,-0.06586738089552976,,,,,,,,,,,,,,,,,
United States,2010,15048971000000.0,309378227.0,28.2198829408336,30.342330732692933,19.5500751219399,United States,,,,,,,574157.0,8301188.0,-0.06586738089552976,,,,,,,,,,,,,,,,,
Australia,2011,1398610616772.97,22340024.0,41.851132029052,27.96650044318763,16.921890425910927,Australia,,,,,,,611304.0,1291009.0,-0.36864356643338725,,,,,,,,,,,,,,,,,
Brazil,2011,2616156223917.69,195284734.0,23.9344051758721,28.592727266363383,19.08996922586903,Brazil,,,,,,,611304.0,1291009.0,-0.36864356643338725,,,,,,,,,,,,,,,,,
Canada,2011,1793326630174.52,34339221.0,62.4987387708328,28.215093463606248,17.351798728260746,Canada,,,,,,,611304.0,1291009.0,-0.36864356643338725,,,,,,,,,,,,,,,,,
China,2011,7671757207851.29,1345035000.0,49.9458272253443,29.66856680648276,21.019685871966473,China,,,,,,,611304.0,1291009.0,-0.36864356643338725,,,,,,,,,,,,,,,,,
France,2011,2870408553990.28,65340830.0,60.6056354816406,28.685475488875525,17.99512766684195,France,,,,,,,611304.0,1291009.0,-0.36864356643338725,,,,,,,,,,,,,,,,,
Germany,2011,3824828563521.41,80274983.0,78.4073134605377,28.9725347622082,18.200968586167797,Germany,,,,,,,611304.0,1291009.0,-0.36864356643338725,,,,,,,,,,,,,,,,,
India,2011,1823051829894.55,1261224954.0,55.6238800135298,28.231533042320507,20.955349271357615,India,,,,,,,611304.0,1291009.0,-0.36864356643338725,,,,,,,,,,,,,,,,,
Indonesia,2011,892969104563.171,249470032.0,50.1800131841104,27.517817819870736,19.33484935371735,Indonesia,,,,,,,611304.0,1291009.0,-0.36864356643338725,,,,,,,,,,,,,,,,,
Italy,2011,2306974020278.21,60026841.0,54.4722149449288,28.466957833798936,17.910302370155193,Italy,,,,,,,611304.0,1291009.0,-0.36864356643338725,,,,,,,,,,,,,,,,,
Japan,2011,6233147172341.35,127833000.0,30.1949607286296,29.460902485275216,18.666235282538143,Japan,,,,,,,611304.0,1291009.0,-0.36864356643338725,,,,,,,,,,,,,,,,,
"Korea, Rep.",2011,1253289537500.81,49936638.0,105.566313581348,27.856792840568307,17.726265519764812,"Korea, Rep.",,,,,,,611304.0,1291009.0,-0.36864356643338725,,,,,,,,,,,,,,,,,
Mexico,2011,1229013703577.75,115243504.0,62.1623872683072,27.837233096635597,18.562557873827338,Mexico,,,,,,,611304.0,1291009.0,-0.36864356643338725,,,,,,,,,,,,,,,,,
Netherlands,2011,913140741332.687,16693074.0,141.757099325776,27.540155858270825,16.630504460823566,Netherlands,,,,,,,611304.0,1291009.0,-0.36864356643338725,,,,,,,,,,,,,,,,,
Russian Federation,2011,2045922753398.04,143018195.0,48.0353994077919,28.346870027807828,18.77848241789238,Russian Federation,,,,,,,611304.0,1291009.0,-0.36864356643338725,,,,,,,,,,,,,,,,,
Saudi Arabia,2011,680660800000.0,25091867.0,84.3594342438995,27.24632992796479,17.038054327690542,Saudi Arabia,,,,,,,611304.0,1291009.0,-0.36864356643338725,,,,,,,,,,,,,,,,,
Spain,2011,1487568659241.25,46742697.0,58.5118228859632,28.028164130774083,17.660168587592565,Spain,,,,,,0.8077017386153297,611304.0,1291009.0,-0.36864356643338725,,,,,,,,,,,,,,,,,
Switzerland,2011,715888126682.396,7912398.0,125.556273159907,27.296789744048837,15.88394145435622,Switzerland,,,,,,,611304.0,1291009.0,-0.36864356643338725,,,,,,,,,,,,,,,,,
Turkiye,2011,838785289694.35,74223629.0,53.3041756356468,27.45522059849845,18.1225931075779,Turkiye,,,,,,,611304.0,1291009.0,-0.36864356643338725,,,,,,,,,,,,,,,,,
United Kingdom,2011,2663805834828.07,63258810.0,63.5654009707745,28.610776981126165,17.962744964409705,United Kingdom,,,,,,,611304.0,1291009.0,-0.36864356643338725,,,,,,,,,,,,,,,,,
United States,2011,15599732000000.0,311839461.0,30.842478575914,30.378274850549293,19.557999065271545,United States,,,,,,,611304.0,1291009.0,-0.36864356643338725,,,,,,,,,,,,,,,,,
Australia,2012,1547532281116.4,22733465.0,43.1642964994556,28.06768270145974,16.939348625917663,Australia,,,,,,,582899.0,10253947.0,-0.13835138368391403,,,,,,,,,,,,,,,,,
Brazil,2012,2465227802806.76,196876111.0,25.1142736107398,28.53330533408495,19.098085210702852,Brazil,,,,,,,582899.0,10253947.0,-0.13835138368391403,,,,,,,,,,,,,,,,,
Canada,2012,1828366481521.6,34713395.0,62.5955489395005,28.23444405109945,17.36263619348411,Canada,,,,,,,582899.0,10253947.0,-0.13835138368391403,,,,,,,,,,,,,,,,,
China,2012,8673664713189.24,1354190000.0,47.48021307841,29.791312506362353,21.026469326554945,China,,,,,,,582899.0,10253947.0,-0.13835138368391403,,,,,,,,,,,,,,,,,
France,2012,2683007095787.23,65657659.0,61.6589570771102,28.617959332089832,17.9999648160363,France,,,,,,,582899.0,10253947.0,-0.13835138368391403,,,,,,,,,,,,,,,,,
Germany,2012,3597896500945.31,80425823.0,79.3004877909427,28.91137048532478,18.20284586417347,Germany,,,,,,,582899.0,10253947.0,-0.13835138368391403,,,,,,,,,,,,,,,,,
India,2012,1827637590410.41,1278674502.0,55.7937217287511,28.234045314606547,20.969089833017943,India,,,,,,,582899.0,10253947.0,-0.13835138368391403,,,,,,,,,,,,,,,,,
Indonesia,2012,917869913332.649,252698525.0,49.5828982992627,27.545321510916256,19.347707735380563,Indonesia,,,,,,,582899.0,10253947.0,-0.13835138368391403,,,,,,,,,,,,,,,,,
Italy,2012,2097929495121.68,60191247.0,54.8844952702204,28.371972019580905,17.91303750103654,Italy,,,,,,,582899.0,10253947.0,-0.13835138368391403,,,,,,,,,,,,,,,,,
Japan,2012,6272362996105.03,127629000.0,30.4709109171752,29.467174272956424,18.664638175779704,Japan,,,,,,,582899.0,10253947.0,-0.13835138368391403,,,,,,,,,,,,,,,,,
"Korea, Rep.",2012,1278046536287.01,50199853.0,105.458327737701,27.876353884591055,17.731522656370817,"Korea, Rep.",,,,,,,582899.0,10253947.0,-0.13835138368391403,,,,,,,,,,,,,,,,,
Mexico,2012,1255110424665.92,116818208.0,64.2579318977864,27.858244672423208,18.57612950661971,Mexico,,,,,,,582899.0,10253947.0,-0.13835138368391403,,,,,,,,,,,,,,,,,
Netherlands,2012,845689017065.625,16754962.0,149.393223058131,27.46341753685308,16.634205011171268,Netherlands,,,,,,,582899.0,10253947.0,-0.13835138368391403,,,,,,,,,,,,,,,,,
Russian Federation,2012,2208293553878.42,143378447.0,47.1513903857957,28.42324118563241,18.780998174973107,Russian Federation,,,,,,,582899.0,10253947.0,-0.13835138368391403,,,,,,,,,,,,,,,,,
Saudi Arabia,2012,751921333333.333,26168861.0,81.74067854616,27.345897545495173,17.080080750441095,Saudi Arabia,,,,,,,582899.0,10253947.0,-0.13835138368391403,,,,,,,,,,,,,,,,,
Spain,2012,1330994811670.31,46773055.0,60.5540346961864,27.91694775726504,17.66081784721818,Spain,,,,,,0.8179231807847652,582899.0,10253947.0,-0.13835138368391403,,,,,,,,,,,,,,,,,
Switzerland,2012,686420221557.99,7996861.0,126.453860464505,27.254755844997973,15.894559647644895,Switzerland,,,,,,,582899.0,10253947.0,-0.13835138368391403,,,,,,,,,,,,,,,,,
Turkiye,2012,880555885492.269,75175827.0,52.830802656723,27.50381923304714,18.135340287776028,Turkiye,,,,,,,582899.0,10253947.0,-0.13835138368391403,,,,,,,,,,,,,,,,,
United Kingdom,2012,2707089726614.64,63711000.0,62.2259827334183,28.62689527215644,17.969867790092547,United Kingdom,,,,,,,582899.0,10253947.0,-0.13835138368391403,,,,,,,,,,,,,,,,,
United States,2012,16253970000000.0,314339099.0,30.681839575193,30.419358302558337,19.56598289428526,United States,,,,,,,582899.0,10253947.0,-0.13835138368391403,,,,,,,,,,,,,,,,,
Australia,2013,1577123329410.88,23128129.0,41.2728790174276,28.086623625931413,16.956560140317556,Australia,,,,,,,188365.0,14027935.0,-0.8428649985261376,,,,,,,,,,,,,,,,,
Brazil,2013,2472819535557.21,198478299.0,25.7859573274674,28.53638012790992,19.106190327178084,Brazil,,,,,,,188365.0,14027935.0,-0.8428649985261376,,,,,,,,,,,,,,,,,
Canada,2013,1846597421834.98,35080992.0,62.2310749013405,28.24436583011532,17.373170003289644,Canada,,,,,,,188365.0,14027935.0,-0.8428649985261376,,,,,,,,,,,,,,,,,
China,2013,9743124247267.24,1363240000.0,45.9160413795144,29.90758294675552,21.03313005633184,China,,,,,,,188365.0,14027935.0,-0.8428649985261376,,,,,,,,,,,,,,,,,
France,2013,2816077607875.26,65997932.0,61.8192338733962,28.66636611345938,18.00513396616647,France,,,,,,,188365.0,14027935.0,-0.8428649985261376,,,,,,,,,,,,,,,,,
Germany,2013,3808086291482.36,80645605.0,77.5643815741748,28.96814789317927,18.205574866320283,Germany,,,,,,,188365.0,14027935.0,-0.8428649985261376,,,,,,,,,,,,,,,,,
India,2013,1856721507621.58,1295829511.0,53.8441319466777,28.249833418082037,20.982416876068697,India,,,,,,,188365.0,14027935.0,-0.8428649985261376,,,,,,,,,,,,,,,,,
Indonesia,2013,912524136718.018,255852467.0,48.6373726752893,27.53948037325106,19.360111535537463,Indonesia,,,,,,,188365.0,14027935.0,-0.8428649985261376,,,,,,,,,,,,,,,,,
Italy,2013,2153225581941.46,60311613.0,54.0341846317499,28.397988104456868,17.915035230219583,Italy,,,,,,,188365.0,14027935.0,-0.8428649985261376,,,,,,,,,,,,,,,,,
Japan,2013,5212328181166.18,127445000.0,33.9787686509511,29.282047739664364,18.663195456945832,Japan,,,,,,,188365.0,14027935.0,-0.8428649985261376,,,,,,,,,,,,,,,,,
"Korea, Rep.",2013,1370632955321.2,50428893.0,97.9521049538882,27.946293760257635,17.736074842592465,"Korea, Rep.",,,,,,,188365.0,14027935.0,-0.8428649985261376,,,,,,,,,,,,,,,,,
Mexico,2013,1327436290439.27,118343573.0,62.6916747661852,27.914270596774703,18.589102587422236,Mexico,,,,,,,188365.0,14027935.0,-0.8428649985261376,,,,,,,,,,,,,,,,,
Netherlands,2013,883951539006.669,16804432.0,150.651850226949,27.507668077953173,16.637153219105684,Netherlands,,,,,,,188365.0,14027935.0,-0.8428649985261376,,,,,,,,,,,,,,,,,
Russian Federation,2013,2292470078346.22,143805638.0,46.287149400499,28.460650989016376,18.783973209714905,Russian Federation,,,,,,,188365.0,14027935.0,-0.8428649985261376,,,,,,,,,,,,,,,,,
Saudi Arabia,2013,769755733333.333,27624004.0,80.2515014286783,27.36933907202901,17.13419566285358,Saudi Arabia,,,,,,,188365.0,14027935.0,-0.8428649985261376,,,,,,,,,,,,,,,,,
Spain,2013,1362186923157.65,46604197.0,61.6687726441327,27.940112555911377,17.657201159418005,Spain,,,,,,0.8960668012411623,188365.0,14027935.0,-0.8428649985261376,,,,,,,,,,,,,,,,,
Switzerland,2013,706234937370.968,8089346.0,133.693708414477,27.283213791563295,15.90605844522302,Switzerland,,,,,,,188365.0,14027935.0,-0.8428649985261376,,,,,,,,,,,,,,,,,
Turkiye,2013,957799120008.32,76147624.0,52.5272987998138,27.587903906090997,18.14818443524283,Turkiye,,,,,,,188365.0,14027935.0,-0.8428649985261376,,,,,,,,,,,,,,,,,
United Kingdom,2013,2784853502534.29,64139000.0,61.9991119149908,28.655216385602625,17.976563161212827,United Kingdom,,,,,,,188365.0,14027935.0,-0.8428649985261376,,,,,,,,,,,,,,,,,
United States,2013,16880683000000.0,316726282.0,29.9413062848227,30.457191066363094,19.573548495119628,United States,,,,,,,188365.0,14027935.0,-0.8428649985261376,,,,,,,,,,,,,,,,,
Australia,2014,1468265356427.76,23475686.0,42.4840230270994,28.015102790295032,16.97147580520884,Australia,,,,,,,1200618.0,2951052.0,0.46207302568393127,,,,,,,,,,,,,,,,,
Brazil,2014,2456043727198.85,200085127.0,24.6854058131291,28.52957293028901,19.11425346895543,Brazil,,,,,,,1200618.0,2951052.0,0.46207302568393127,,,,,,,,,,,,,,,,,
Canada,2014,1805749878439.94,35434066.0,64.3786621564923,28.221997066559044,17.38318423175861,Canada,,,,,,,1200618.0,2951052.0,0.46207302568393127,,,,,,,,,,,,,,,,,
China,2014,10674533168257.4,1371860000.0,44.0684564812401,29.99888194277621,21.03943332022726,China,,,,,,,1200618.0,2951052.0,0.46207302568393127,,,,,,,,,,,,,,,,,
France,2014,2861236112552.42,66312067.0,62.1992669379507,28.682274854571848,18.009882444628186,France,,,,,,,1200618.0,2951052.0,0.46207302568393127,,,,,,,,,,,,,,,,,
Germany,2014,3965800686309.79,80982500.0,76.8303312709159,29.008728889168182,18.209743639911967,Germany,,,,,,,1200618.0,2951052.0,0.46207302568393127,,,,,,,,,,,,,,,,,
India,2014,2039126479154.52,1312277191.0,48.9221857470669,28.343542635589493,20.995029778781227,India,,,,,,,1200618.0,2951052.0,0.46207302568393127,,,,,,,,,,,,,,,,,
Indonesia,2014,890814755533.537,258877399.0,48.0801755855227,27.51540233655429,19.371865144657846,Indonesia,,,,,,,1200618.0,2951052.0,0.46207302568393127,,,,,,,,,,,,,,,,,
Italy,2014,2173255507985.84,60320707.0,54.4545299332032,28.407247393348865,17.915186002417567,Italy,,,,,,,1200618.0,2951052.0,0.46207302568393127,,,,,,,,,,,,,,,,,
Japan,2014,4896994405353.29,127276000.0,37.4314345686579,29.219642746183972,18.66186851472436,Japan,,,,,,,1200618.0,2951052.0,0.46207302568393127,,,,,,,,,,,,,,,,,
"Korea, Rep.",2014,1484488526271.8,50746659.0,90.6144418981567,28.0260914021017,17.7423563412068,"Korea, Rep.",,,,,,,1200618.0,2951052.0,0.46207302568393127,,,,,,,,,,,,,,,,,
Mexico,2014,1364507717764.6,119784261.0,64.0984090280535,27.941814833190644,18.60120285771938,Mexico,,,,,,,1200618.0,2951052.0,0.46207302568393127,,,,,,,,,,,,,,,,,
Netherlands,2014,901556501756.467,16865008.0,151.715891056501,27.527388552896394,16.64075150083295,Netherlands,,,,,,,1200618.0,2951052.0,0.46207302568393127,,,,,,,,,,,,,,,,,
Russian Federation,2014,2059241589895.01,144237223.0,47.8013412628116,28.35335887069727,18.786969884039504,Russian Federation,,,,,,,1200618.0,2951052.0,0.46207302568393127,,,,,,,,,,,,,,,,,
Saudi Arabia,2014,787153066666.667,28309273.0,78.000111117736,27.39168856031087,17.158699976786604,Saudi Arabia,,,,,,,1200618.0,2951052.0,0.46207302568393127,,,,,,,,,,,,,,,,,
Spain,2014,1380244561361.96,46460733.0,63.39926213895,27.95328181777457,17.654118062194566,Spain,,,,,,0.9873600789500792,1200618.0,2951052.0,0.46207302568393127,,,,,,,,,,,,,,,,,
Switzerland,2014,726537809429.524,8188649.0,120.213423194635,27.311556361864103,15.918259484957348,Switzerland,,,,,,,1200618.0,2951052.0,0.46207302568393127,,,,,,,,,,,,,,,,,
Turkiye,2014,938934609296.966,77181884.0,53.7663011662543,27.568011675068412,18.16167532424485,Turkiye,,,,,,,1200618.0,2951052.0,0.46207302568393127,,,,,,,,,,,,,,,,,
United Kingdom,2014,3064708247921.43,64620000.0,59.0948041195932,28.75097349250591,17.984034518360627,United Kingdom,,,,,,,1200618.0,2951052.0,0.46207302568393127,,,,,,,,,,,,,,,,,
United States,2014,17608138000000.0,319257560.0,29.906569337428,30.499382297468657,19.581508733097717,United States,,,,,,,1200618.0,2951052.0,0.46207302568393127,,,,,,,,,,,,,,,,,
Australia,2015,1351296372254.31,23815995.0,41.6639319280984,27.93208552335302,16.98586797173483,Australia,,,,,,,1117473.0,44961277.0,1.9658906960062772,,,,,,,,,,,,,,,,,
Brazil,2015,1802212206814.5,201675532.0,26.95362593736,28.22003603000956,19.12217068669136,Brazil,,,,,,,1117473.0,44961277.0,1.9658906960062772,,,,,,,,,,,,,,,,,
Canada,2015,1556508816217.14,35704498.0,66.1649020669781,28.073466490941257,17.390787233211,Canada,,,,,,,1117473.0,44961277.0,1.9658906960062772,,,,,,,,,,,,,,,,,
China,2015,11280814787468.9,1379860000.0,38.6971848362233,30.05412459232143,21.045247881693836,China,,,,,,,1117473.0,44961277.0,1.9658906960062772,,,,,,,,,,,,,,,,,
France,2015,2442483452642.5,66548272.0,63.5046871956484,28.52403644607786,18.013438137028768,France,,,,,,,1117473.0,44961277.0,1.9658906960062772,,,,,,,,,,,,,,,,,
Germany,2015,3423568450957.03,81686611.0,77.791356764377,28.861704529745214,18.21840066635147,Germany,,,,,,,1117473.0,44961277.0,1.9658906960062772,,,,,,,,,,,,,,,,,
India,2015,2103588360044.94,1328024498.0,41.9229138658647,28.37466574529629,21.00695833511966,India,,,,,,,1117473.0,44961277.0,1.9658906960062772,,,,,,,,,,,,,,,,,
Indonesia,2015,860854232686.214,261799249.0,41.9376402415294,27.481191027025265,19.383088542833978,Indonesia,,,,,,,1117473.0,44961277.0,1.9658906960062772,,,,,,,,,,,,,,,,,
Italy,2015,1845428048839.1,60229605.0,55.4356858148221,28.24373237130293,17.913674566804808,Italy,,,,,,,1117473.0,44961277.0,1.9658906960062772,,,,,,,,,,,,,,,,,
Japan,2015,4444930651964.18,127141000.0,35.4274083544798,29.122785383414826,18.660807264786893,Japan,,,,,,,1117473.0,44961277.0,1.9658906960062772,,,,,,,,,,,,,,,,,
"Korea, Rep.",2015,1466038936206.43,51014947.0,79.132494389092,28.01358527852628,17.74762922618088,"Korea, Rep.",,,,,,,1117473.0,44961277.0,1.9658906960062772,,,,,,,,,,,,,,,,,
Mexico,2015,1213294467779.98,121072306.0,70.4129746726021,27.824360476346584,18.611898495334945,Mexico,,,,,,,1117473.0,44961277.0,1.9658906960062772,,,,,,,,,,,,,,,,,
Netherlands,2015,775743675302.734,16939923.0,160.325812564809,27.377087987231977,16.645183701723305,Netherlands,,,,,,,1117473.0,44961277.0,1.9658906960062772,,,,,,,,,,,,,,,,,
Russian Federation,2015,1363482182197.71,144640716.0,49.3593493116887,27.94106297145155,18.789763404817126,Russian Federation,,,,,,,1117473.0,44961277.0,1.9658906960062772,,,,,,,,,,,,,,,,,
Saudi Arabia,2015,693414400000.0,29816382.0,67.1052692300592,27.264893637215614,17.210568531972225,Saudi Arabia,,,,,,,1117473.0,44961277.0,1.9658906960062772,,,,,,,,,,,,,,,,,
Spain,2015,1206164777553.12,46422303.0,63.5820412248232,27.81846683637056,17.653290569816026,Spain,,,,,,0.9520812134266152,1117473.0,44961277.0,1.9658906960062772,,,,,,,,,,,,,,,,,
Switzerland,2015,694118186379.628,8282396.0,117.138482368571,27.26590808033125,15.929642856482122,Switzerland,,,,,,,1117473.0,44961277.0,1.9658906960062772,,,,,,,,,,,,,,,,,
Turkiye,2015,864313810469.009,78218479.0,51.0885436007552,27.485201746368283,18.175016481947893,Turkiye,,,,,,,1117473.0,44961277.0,1.9658906960062772,,,,,,,,,,,,,,,,,
United Kingdom,2015,2927911140916.73,65088000.0,57.2035496863734,28.705310363519537,17.99125075839037,United Kingdom,,,,,,,1117473.0,44961277.0,1.9658906960062772,,,,,,,,,,,,,,,,,
United States,2015,18295019000000.0,321815121.0,27.6882139340768,30.5376499529343,19.589487780231543,United States,,,,,,,1117473.0,44961277.0,1.9658906960062772,,,,,,,,,,,,,,,,,
Australia,2016,1206836962281.84,24190907.0,40.974079475775,27.819023972103217,17.001487376715872,Australia,,,,,,,746195.0,12036993.0,-0.2681036159460882,,,,,,,,,,,,,,,,,
Brazil,2016,1795693482853.01,203218114.0,24.5336820777006,28.216412404680447,19.129790413396325,Brazil,,,,,,,746195.0,12036993.0,-0.2681036159460882,,,,,,,,,,,,,,,,,
Canada,2016,1527994741907.43,36110803.0,65.3636845215556,28.054977365506897,17.4021026306137,Canada,,,,,,,746195.0,12036993.0,-0.2681036159460882,,,,,,,,,,,,,,,,,
China,2016,11456024084962.0,1387790000.0,36.1771706929069,30.06953682853307,21.050978390754533,China,,,,,,,746195.0,12036993.0,-0.2681036159460882,,,,,,,,,,,,,,,,,
France,2016,2470407619777.13,66724104.0,63.3427564383351,28.53540428120262,18.01607682491442,France,,,,,,,746195.0,12036993.0,-0.2681036159460882,,,,,,,,,,,,,,,,,
Germany,2016,3537784107980.55,82348669.0,75.9845875141969,28.89452168888302,18.22647285173721,Germany,,,,,,,746195.0,12036993.0,-0.2681036159460882,,,,,,,,,,,,,,,,,
India,2016,2294796885663.16,1343944296.0,40.082485713276,28.46166545254542,21.01887463175987,India,,,,,,,746195.0,12036993.0,-0.2681036159460882,,,,,,,,,,,,,,,,,
Indonesia,2016,931877364037.698,264627418.0,37.4213418023318,27.560467059323575,19.393833424836224,Indonesia,,,,,,,746195.0,12036993.0,-0.2681036159460882,,,,,,,,,,,,,,,,,
Italy,2016,1887111188176.93,60115223.0,54.4321467018313,28.26606830383127,17.91177366194095,Italy,,,,,,,746195.0,12036993.0,-0.2681036159460882,,,,,,,,,,,,,,,,,
Japan,2016,5003677627544.24,127076000.0,31.3102468455884,29.241194283505177,18.66029589063476,Japan,,,,,,,746195.0,12036993.0,-0.2681036159460882,,,,,,,,,,,,,,,,,
"Korea, Rep.",2016,1499679823909.61,51217803.0,73.6038094655981,28.03627275052594,17.75159774441469,"Korea, Rep.",,,,,,,746195.0,12036993.0,-0.2681036159460882,,,,,,,,,,,,,,,,,
Mexico,2016,1112233497452.7,122251351.0,75.6903034088551,27.737391269437932,18.621589737382937,Mexico,,,,,,,746195.0,12036993.0,-0.2681036159460882,,,,,,,,,,,,,,,,,
Netherlands,2016,797163949289.885,17030314.0,150.96552921165,27.404326202599055,16.650505490519393,Netherlands,,,,,,,746195.0,12036993.0,-0.2681036159460882,,,,,,,,,,,,,,,,,
Russian Federation,2016,1276786350881.14,145015460.0,46.5181198396096,27.875367373485457,18.792350915390923,Russian Federation,,,,,,,746195.0,12036993.0,-0.2681036159460882,,,,,,,,,,,,,,,,,
Saudi Arabia,2016,689279466666.667,30954198.0,57.9216635110364,27.258912637719824,17.24801918602287,Saudi Arabia,,,,,,,746195.0,12036993.0,-0.2681036159460882,,,,,,,,,,,,,,,,,
Spain,2016,1243015667917.12,46458139.0,63.1886778507294,27.848561533298938,17.65406222854216,Spain,,,,,,0.9331906624637935,746195.0,12036993.0,-0.2681036159460882,,,,,,,,,,,,,,,,,
Switzerland,2016,687895460902.713,8373338.0,123.565924513577,27.2569027169724,15.940563168220848,Switzerland,,,,,,,746195.0,12036993.0,-0.2681036159460882,,,,,,,,,,,,,,,,,
Turkiye,2016,869682881593.041,79277962.0,48.3281862338973,27.491394478231296,18.188470741298374,Turkiye,,,,,,,746195.0,12036993.0,-0.2681036159460882,,,,,,,,,,,,,,,,,
United Kingdom,2016,2689106566899.61,65607000.0,59.7003984143761,28.620230123110407,17.999192955538568,United Kingdom,,,,,,,746195.0,12036993.0,-0.2681036159460882,,,,,,,,,,,,,,,,,
United States,2016,18804913000000.0,324353340.0,26.4525977865465,30.565139281411003,19.597344035088433,United States,,,,,,,746195.0,12036993.0,-0.2681036159460882,,,,,,,,,,,,,,,,,
Australia,2017,1325582658156.54,24592588.0,42.2037316765804,27.91287322071349,17.017955654689374,Australia,,,,,,,716299.0,6493522.0,-0.6859375242262113,,,,,,,,,,,,,,,,,
Brazil,2017,2063514977365.65,204703445.0,24.3197343743057,28.35543194434661,19.1370728799965,Brazil,,,,,,,716299.0,6493522.0,-0.6859375242262113,,,,,,,,,,,,,,,,,
Canada,2017,1649265644244.09,36545075.0,65.1010608504649,28.131351240676125,17.414056988158855,Canada,,,,,,,716299.0,6493522.0,-0.6859375242262113,,,,,,,,,,,,,,,,,
China,2017,12537559062282.9,1396215000.0,36.9508526159275,30.159749980055587,21.05703084088936,China,,,,,,,716299.0,6493522.0,-0.6859375242262113,,,,,,,,,,,,,,,,,
France,2017,2588868323334.71,66918020.0,65.3958481559711,28.58224195535614,18.018978846077932,France,,,,,,,716299.0,6493522.0,-0.6859375242262113,,,,,,,,,,,,,,,,,
Germany,2017,3763092263752.95,82657002.0,77.5666369468435,28.95626214590867,18.230210097336165,Germany,,,,,,,716299.0,6493522.0,-0.6859375242262113,,,,,,,,,,,,,,,,,
India,2017,2651474262755.45,1359657400.0,40.7424969545225,28.606136926803075,21.03049859319457,India,,,,,,,716299.0,6493522.0,-0.6859375242262113,,,,,,,,,,,,,,,,,
Indonesia,2017,1015618744159.73,267346658.0,39.3554970704606,27.64651914284897,19.404056718813333,Indonesia,,,,,,,716299.0,6493522.0,-0.6859375242262113,,,,,,,,,,,,,,,,,
Italy,2017,1970720904584.71,60002252.0,57.5829940274911,28.309420533151776,17.90989265281535,Italy,,,,,,,716299.0,6493522.0,-0.6859375242262113,,,,,,,,,,,,,,,,,
Japan,2017,4930837369151.42,126972000.0,34.4232135721686,29.226529941314823,18.6594771476743,Japan,,,,,,,716299.0,6493522.0,-0.6859375242262113,,,,,,,,,,,,,,,,,
"Korea, Rep.",2017,1623074183501.9,51361911.0,77.1209178066416,28.115343111057783,17.754407424597705,"Korea, Rep.",,,,,,,716299.0,6493522.0,-0.6859375242262113,,,,,,,,,,,,,,,,,
Mexico,2017,1190721475906.0,123400057.0,76.9521260407254,27.80558052161109,18.630942131347936,Mexico,,,,,,,716299.0,6493522.0,-0.6859375242262113,,,,,,,,,,,,,,,,,
Netherlands,2017,848233537845.884,17131296.0,159.646059656847,27.4664218332263,16.656417524181034,Netherlands,,,,,,,716299.0,6493522.0,-0.6859375242262113,,,,,,,,,,,,,,,,,
Russian Federation,2017,1574199360089.0,145293260.0,46.8765243371311,28.084767916155503,18.794264740678653,Russian Federation,,,,,,,716299.0,6493522.0,-0.6859375242262113,,,,,,,,,,,,,,,,,
Saudi Arabia,2017,741266133333.333,30977355.0,59.5319791578229,27.33162555205803,17.248767011645107,Saudi Arabia,,,,,,,716299.0,6493522.0,-0.6859375242262113,,,,,,,,,,,,,,,,,
Spain,2017,1321754088818.83,46571232.0,66.167446137857,27.909980825545993,17.656493569407864,Spain,,,,,,0.8569595798184646,716299.0,6493522.0,-0.6859375242262113,,,,,,,,,,,,,,,,,
Switzerland,2017,695200834102.045,8451840.0,123.621807421715,27.267466610698435,15.949894727108234,Switzerland,,,,,,,716299.0,6493522.0,-0.6859375242262113,,,,,,,,,,,,,,,,,
Turkiye,2017,858988492853.742,80312698.0,55.762168749568,27.47902136286159,18.201438298420424,Turkiye,,,,,,,716299.0,6493522.0,-0.6859375242262113,,,,,,,,,,,,,,,,,
United Kingdom,2017,2680148052335.3,65966000.0,63.1216500310687,28.616893152334143,18.00465001573942,United Kingdom,,,,,,,716299.0,6493522.0,-0.6859375242262113,,,,,,,,,,,,,,,,,
United States,2017,19612102000000.0,326608609.0,27.1253382222874,30.60716794060142,19.60427309761435,United States,,,,,,,716299.0,6493522.0,-0.6859375242262113,,,,,,,,,,,,,,,,,
Australia,2018,1427809041019.44,24963258.0,43.7360650798433,27.98716224612768,17.032915621793506,Australia,,,,,,,1021769.0,4945908.0,-0.3055390347945641,,,,,,,,,,,,,,,,,
Brazil,2018,1916933898010.99,206107261.0,28.8762033763866,28.28174809740014,19.143907275710756,Brazil,,,,,,,1021769.0,4945908.0,-0.3055390347945641,,,,,,,,,,,,,,,,,
Canada,2018,1725329192783.02,37072620.0,66.5998858508762,28.176438984600875,17.42838924972679,Canada,,,,,,,1021769.0,4945908.0,-0.3055390347945641,,,,,,,,,,,,,,,,,
China,2018,14147765772963.8,1402760000.0,36.8943843914148,30.280577831647307,21.061707561423983,China,,,,,,,1021769.0,4945908.0,-0.3055390347945641,,,,,,,,,,,,,,,,,
France,2018,2781576320884.39,67158348.0,66.8022607812266,28.65403890483578,18.022563791896093,France,,,,,,,1021769.0,4945908.0,-0.3055390347945641,,,,,,,,,,,,,,,,,
Germany,2018,4052008447223.53,82905782.0,79.227659692288,29.030233787017533,18.233215364356088,Germany,,,,,,,1021769.0,4945908.0,-0.3055390347945641,,,,,,,,,,,,,,,,,
India,2018,2702929641648.74,1374659064.0,43.6169693323889,28.625357353157383,21.041471583864865,India,,,,,,,1021769.0,4945908.0,-0.3055390347945641,,,,,,,,,,,,,,,,,
Indonesia,2018,1042271532988.63,269951846.0,43.0743089552002,27.67242361359333,19.413754152908577,Indonesia,,,,,,,1021769.0,4945908.0,-0.3055390347945641,,,,,,,,,,,,,,,,,
Italy,2018,2099435266458.67,60148658.0,59.2749835128154,28.372689503758295,17.912329689246626,Italy,,,,,,,1021769.0,4945908.0,-0.3055390347945641,,,,,,,,,,,,,,,,,
Japan,2018,5040880939324.86,126811000.0,36.609931802107,29.248601972286497,18.658208346993412,Japan,,,,,,,1021769.0,4945908.0,-0.3055390347945641,,,,,,,,,,,,,,,,,
"Korea, Rep.",2018,1725373496825.43,51585058.0,78.9888655134363,28.17646466287362,17.75874261487384,"Korea, Rep.",,,,,,,1021769.0,4945908.0,-0.3055390347945641,,,,,,,,,,,,,,,,,
Mexico,2018,1256300182775.8,124573711.0,80.2126616635331,27.859192154444155,18.640408154897795,Mexico,,,,,,,1021769.0,4945908.0,-0.3055390347945641,,,,,,,,,,,,,,,,,
Netherlands,2018,929733599796.862,17231624.0,163.559146573044,27.55816393022722,16.66225685827024,Netherlands,,,,,,,1021769.0,4945908.0,-0.3055390347945641,,,,,,,,,,,,,,,,,
Russian Federation,2018,1657328773461.31,145398106.0,51.5809003703964,28.13622824957445,18.794986096844053,Russian Federation,,,,,,,1021769.0,4945908.0,-0.3055390347945641,,,,,,,,,,,,,,,,,
Saudi Arabia,2018,886564800000.0,30196281.0,59.1029104697141,27.51062005623596,17.22322932906668,Saudi Arabia,,,,,,,1021769.0,4945908.0,-0.3055390347945641,,,,,,,,,,,,,,,,,
Spain,2018,1431642809327.06,46782011.0,67.0094103982921,27.98984371852549,17.661009306652936,Spain,,,,,,0.8628054863055237,1021769.0,4945908.0,-0.3055390347945641,,,,,,,,,,,,,,,,,
Switzerland,2018,725568717468.001,8514329.0,124.428504325808,27.31022162217739,15.95726106685996,Switzerland,,,,,,,1021769.0,4945908.0,-0.3055390347945641,,,,,,,,,,,,,,,,,
Turkiye,2018,778972108040.602,81407204.0,62.6142185426845,27.381241077350225,18.21497432828527,Turkiye,,,,,,,1021769.0,4945908.0,-0.3055390347945641,,,,,,,,,,,,,,,,,
United Kingdom,2018,2871340347581.79,66289000.0,64.542648250433,28.685800056743492,18.009534528872233,United Kingdom,,,,,,,1021769.0,4945908.0,-0.3055390347945641,,,,,,,,,,,,,,,,,
United States,2018,20656516000000.0,328529577.0,27.4453591302618,30.65905193035599,19.610137428365576,United States,,,,,,,1021769.0,4945908.0,-0.3055390347945641,,,,,,,,,,,,,,,,,
Australia,2019,1392723834562.64,25334826.0,46.1875018936291,27.96228253878351,17.04769052889935,Australia,,,,,,,1185914.0,1428953.0,-0.2829599729856474,,,,,,,,,,,,,,,,,
Brazil,2019,1873288205059.69,207455459.0,28.8902578698964,28.258716401050087,19.15042721917157,Brazil,,,,,,,1185914.0,1428953.0,-0.2829599729856474,,,,,,,,,,,,,,,,,
Canada,2019,1743725183672.52,37618495.0,66.1714852804959,28.187044850829164,17.443006375720604,Canada,,,,,,,1185914.0,1428953.0,-0.2829599729856474,,,,,,,,,,,,,,,,,
China,2019,14560167101283.4,1407745000.0,35.1994202739021,30.309310635367726,21.06525497032569,China,,,,,,,1185914.0,1428953.0,-0.2829599729856474,,,,,,,,,,,,,,,,,
France,2019,2722793515171.76,67382061.0,66.4289771741449,28.632679496841067,18.025889383186374,France,,,,,,,1185914.0,1428953.0,-0.2829599729856474,,,,,,,,,,,,,,,,,
Germany,2019,3957208055215.68,83092962.0,79.1337471144706,29.00655985597808,18.235470563098215,Germany,,,,,,,1185914.0,1428953.0,-0.2829599729856474,,,,,,,,,,,,,,,,,
India,2019,2835606256558.19,1389030312.0,39.9054035306442,28.673276877356702,21.05187172337467,India,,,,,,,1185914.0,1428953.0,-0.2829599729856474,,,,,,,,,,,,,,,,,
Indonesia,2019,1119099871350.2,272489381.0,37.6277775357108,27.743545791812117,19.42311020250093,Indonesia,,,,,,,1185914.0,1428953.0,-0.2829599729856474,,,,,,,,,,,,,,,,,
Italy,2019,2019606796583.53,59729081.0,58.6941902594738,28.33392395323722,17.905329578686892,Italy,,,,,,,1185914.0,1428953.0,-0.2829599729856474,,,,,,,,,,,,,,,,,
Japan,2019,5117993853016.51,126633000.0,35.2164181084145,29.26378365261355,18.65680369721463,Japan,,,,,,,1185914.0,1428953.0,-0.2829599729856474,,,,,,,,,,,,,,,,,
"Korea, Rep.",2019,1651422932447.77,51764822.0,75.757138965219,28.132658415503887,17.76222136455961,"Korea, Rep.",,,,,,,1185914.0,1428953.0,-0.2829599729856474,,,,,,,,,,,,,,,,,
Mexico,2019,1304106203902.45,125762982.0,77.4619722571128,27.89653902082704,18.64990959819611,Mexico,,,,,,,1185914.0,1428953.0,-0.2829599729856474,,,,,,,,,,,,,,,,,
Netherlands,2019,928903005576.469,17344874.0,160.676671884999,27.557270162964397,16.66880757401829,Netherlands,,,,,,,1185914.0,1428953.0,-0.2829599729856474,,,,,,,,,,,,,,,,,
Russian Federation,2019,1693115002708.32,145453291.0,49.2287536619033,28.157591145129473,18.795365568981588,Russian Federation,,,,,,,1185914.0,1428953.0,-0.2829599729856474,,,,,,,,,,,,,,,,,
Saudi Arabia,2019,888890133333.333,30063799.0,56.7938204886513,27.513239480271185,17.21883231487594,Saudi Arabia,,,,,,,1185914.0,1428953.0,-0.2829599729856474,,,,,,,,,,,,,,,,,
Spain,2019,1403496387686.27,47118501.0,66.3662250440692,27.969987658955414,17.668176284407693,Spain,,,,,,0.7554245218067153,1185914.0,1428953.0,-0.2829599729856474,,,,,,,,,,,,,,,,,
Switzerland,2019,721369112726.724,8575280.0,124.127612180467,27.304416788761394,15.964394203544405,Switzerland,,,,,,,1185914.0,1428953.0,-0.2829599729856474,,,,,,,,,,,,,,,,,
Turkiye,2019,761005915750.925,82579440.0,63.1932929004145,27.357906968432182,18.229271297096247,Turkiye,,,,,,,1185914.0,1428953.0,-0.2829599729856474,,,,,,,,,,,,,,,,,
United Kingdom,2019,2851407164907.81,66631000.0,64.6651336372235,28.678833730431514,18.014680492680636,United Kingdom,,,,,,,1185914.0,1428953.0,-0.2829599729856474,,,,,,,,,,,,,,,,,
United States,2019,21539982000000.0,330226227.0,26.2584806245428,30.700931952001845,19.61528851391572,United States,,,,,,,1185914.0,1428953.0,-0.2829599729856474,,,,,,,,,,,,,,,,,
Australia,2020,1328414058378.38,25649248.0,44.6644560654359,27.91500690933367,17.06002481141249,Australia,,,,,,,1364899.0,36424512.0,1.4104640201408045,,,,,,,,,,,,,,,,,
Brazil,2020,1476107231310.49,208660842.0,32.3020785437939,28.020429489407302,19.156220726268646,Brazil,,,,,,,1364899.0,36424512.0,1.4104640201408045,,,,,,,,,,,,,,,,,
Canada,2020,1655684730000.19,38028638.0,61.1567709632763,28.135235773332298,17.453850065431926,Canada,,,,,,,1364899.0,36424512.0,1.4104640201408045,,,,,,,,,,,,,,,,,
China,2020,14996414166715.1,1411100000.0,34.0389507864018,30.3388322329001,21.06763537902799,China,,,,,,,1364899.0,36424512.0,1.4104640201408045,,,,,,,,,,,,,,,,,
France,2020,2647926055110.05,67601110.0,58.8388907240647,28.60479782880602,18.02913496099673,France,,,,,,,1364899.0,36424512.0,1.4104640201408045,,,,,,,,,,,,,,,,,
Germany,2020,3940142541354.1,83160871.0,72.9932572283324,29.00223801659264,18.23628749468471,Germany,,,,,,,1364899.0,36424512.0,1.4104640201408045,,,,,,,,,,,,,,,,,
India,2020,2674851578587.27,1402617695.0,37.7581053292768,28.614915010096915,21.061606109843773,India,,,,,,,1364899.0,36424512.0,1.4104640201408045,,,,,,,,,,,,,,,,,
Indonesia,2020,1059054842698.48,274814866.0,32.9721754002427,27.688397968457593,19.431608214374723,Indonesia,,,,,,,1364899.0,36424512.0,1.4104640201408045,,,,,,,,,,,,,,,,,
Italy,2020,1907481094079.23,59438851.0,53.9394839042764,28.276804688695083,17.900458627769716,Italy,,,,,,,1364899.0,36424512.0,1.4104640201408045,,,,,,,,,,,,,,,,,
Japan,2020,5054068005376.28,126261000.0,31.335208636773,29.251214580557143,18.65386175103713,Japan,,,,,,,1364899.0,36424512.0,1.4104640201408045,,,,,,,,,,,,,,,,,
"Korea, Rep.",2020,1644312831906.17,51836239.0,69.0340450909562,28.1283436815078,17.76360005722208,"Korea, Rep.",,,,,,,1364899.0,36424512.0,1.4104640201408045,,,,,,,,,,,,,,,,,
Mexico,2020,1121064767401.51,126799054.0,76.8545556992201,27.74530003480052,18.658114139371747,Mexico,,,,,,,1364899.0,36424512.0,1.4104640201408045,,,,,,,,,,,,,,,,,
Netherlands,2020,932560861701.17,17441500.0,152.233230409706,27.56120025357443,16.674362981920844,Netherlands,,,,,,,1364899.0,36424512.0,1.4104640201408045,,,,,,,,,,,,,,,,,
Russian Federation,2020,1493075894362.14,145245148.0,45.9669082029127,28.031859466657885,18.79393354866331,Russian Federation,,,,,,,1364899.0,36424512.0,1.4104640201408045,,,,,,,,,,,,,,,,,
Saudi Arabia,2020,767951200000.0,31552510.0,47.533159225048,27.36699202640856,17.26716370004697,Saudi Arabia,,,,,,,1364899.0,36424512.0,1.4104640201408045,,,,,,,,,,,,,,,,,
Spain,2020,1289783836971.21,47359424.0,59.4461280147076,27.88549575202163,17.673276386303904,Spain,,,,,,0.8364360375055271,1364899.0,36424512.0,1.4104640201408045,,,,,,,,,,,,,,,,,
Switzerland,2020,741999406005.627,8638167.0,121.785978141921,27.33261427958197,15.971700965494875,Switzerland,,,,,,,1364899.0,36424512.0,1.4104640201408045,,,,,,,,,,,,,,,,,
Turkiye,2020,720338490327.248,83384680.0,61.3437557667653,27.302987063936676,18.23897515740978,Turkiye,,,,,,,1364899.0,36424512.0,1.4104640201408045,,,,,,,,,,,,,,,,,
United Kingdom,2020,2696778386607.65,66744000.0,58.7811375973028,28.6230789863754,18.016374963564047,United Kingdom,,,,,,,1364899.0,36424512.0,1.4104640201408045,,,,,,,,,,,,,,,,,
United States,2020,21354105000000.0,331577720.0,23.0797778694073,30.692265108784117,19.619372789583306,United States,,,,,,,1364899.0,36424512.0,1.4104640201408045,,,,,,,,,,,,,,,,,
Australia,2021,1556735770437.26,25685412.0,40.3024802691697,28.073612290099792,17.061433762245418,Australia,,,,,,,383078.0,8301199.0,-1.7860167317826248,,,,,,,,,,,,,,,,,
Brazil,2021,1670647398904.9,209550294.0,37.6563307598082,28.14423233124984,19.160474335340812,Brazil,,,,,,,383078.0,8301199.0,-1.7860167317826248,,,,,,,,,,,,,,,,,
Canada,2021,2022378748423.23,38239864.0,62.2468367159421,28.33529553274605,17.459389089655794,Canada,,,,,,,383078.0,8301199.0,-1.7860167317826248,,,,,,,,,,,,,,,,,
China,2021,18201698719564.0,1412360000.0,36.5206911762564,30.53253604189552,21.068527901028403,China,,,,,,,383078.0,8301199.0,-1.7860167317826248,,,,,,,,,,,,,,,,,
France,2021,2966433692008.09,67842811.0,63.788482630872,28.71838157013104,18.03270398432062,France,,,,,,,383078.0,8301199.0,-1.7860167317826248,,,,,,,,,,,,,,,,,
Germany,2021,4348297440387.53,83196078.0,80.15661805106,29.100805491400543,18.236710765257264,Germany,,,,,,,383078.0,8301199.0,-1.7860167317826248,,,,,,,,,,,,,,,,,
India,2021,3167270623260.47,1414203896.0,45.4230887840446,28.783891330816473,21.06983259204506,India,,,,,,,383078.0,8301199.0,-1.7860167317826248,,,,,,,,,,,,,,,,,
Indonesia,2021,1186509691086.73,276758053.0,40.2047582749671,27.802037080582156,19.438654227593982,Indonesia,,,,,,,383078.0,8301199.0,-1.7860167317826248,,,,,,,,,,,,,,,,,
Italy,2021,2179207773596.09,59133173.0,60.3019776202798,28.409982520074063,17.89530262778127,Italy,,,,,,,383078.0,8301199.0,-1.7860167317826248,,,,,,,,,,,,,,,,,
Japan,2021,5039148168861.22,125681593.0,36.7384462280698,29.248258169612495,18.649262226879053,Japan,,,,,,,383078.0,8301199.0,-1.7860167317826248,,,,,,,,,,,,,,,,,
"Korea, Rep.",2021,1818432106880.04,51769539.0,80.1994569268269,28.22899576599409,17.762312484067333,"Korea, Rep.",,,,,,,383078.0,8301199.0,-1.7860167317826248,,,,,,,,,,,,,,,,,
Mexico,2021,1316569466735.28,127648148.0,83.0692976326771,27.90605058071574,18.664788193125055,Mexico,,,,,,,383078.0,8301199.0,-1.7860167317826248,,,,,,,,,,,,,,,,,
Netherlands,2021,1054472123449.6,17533044.0,163.154842689698,27.684061400716473,16.67959788700253,Netherlands,,,,,,,383078.0,8301199.0,-1.7860167317826248,,,,,,,,,,,,,,,,,
Russian Federation,2021,1829186719575.1,144746762.0,50.5861954621752,28.234892568467295,18.790496304564417,Russian Federation,,,,,,,383078.0,8301199.0,-1.7860167317826248,,,,,,,,,,,,,,,,,
Saudi Arabia,2021,982661066666.667,30784383.0,50.8839263398787,27.613530102792456,17.242518073898243,Saudi Arabia,,,,,,,383078.0,8301199.0,-1.7860167317826248,,,,,,,,,,,,,,,,,
Spain,2021,1461244901852.69,47443821.0,66.524588943191,28.010309860831953,17.675056853255118,Spain,,,,,,0.7917423618913293,383078.0,8301199.0,-1.7860167317826248,,,,,,,,,,,,,,,,,
Switzerland,2021,815309330986.719,8704546.0,130.016261288489,27.426833425400417,15.979355975889842,Switzerland,,,,,,,383078.0,8301199.0,-1.7860167317826248,,,,,,,,,,,,,,,,,
Turkiye,2021,819865223976.115,84147318.0,71.0824439613318,27.43240580269122,18.24807960643542,Turkiye,,,,,,,383078.0,8301199.0,-1.7860167317826248,,,,,,,,,,,,,,,,,
United Kingdom,2021,3143323050707.26,66984000.0,58.5845366237858,28.776301652651437,18.019964342866405,United Kingdom,,,,,,,383078.0,8301199.0,-1.7860167317826248,,,,,,,,,,,,,,,,,
United States,2021,23681171000000.0,332099760.0,25.2136560307765,30.79570137573521,19.62094596367282,United States,,,,,,,383078.0,8301199.0,-1.7860167317826248,,,,,,,,,,,,,,,,,
Australia,2022,1690858246994.43,26014399.0,45.8217702307271,28.156257354415462,17.07416075038318,Australia,,,,,,,1404089.0,39248175.0,1.3222373852356109,,,,,,,,,,,,,,,,,
Brazil,2022,1951923942083.32,210306415.0,38.8160659763397,28.29983663906367,19.164076144249535,Brazil,,,,,,,1404089.0,39248175.0,1.3222373852356109,,,,,,,,,,,,,,,,,
Canada,2022,2190411080134.32,38935934.0,67.3176215563989,28.41511034996594,17.47742813540461,Canada,,,,,,,1404089.0,39248175.0,1.3222373852356109,,,,,,,,,,,,,,,,,
China,2022,18316765021690.2,1412175000.0,37.4407198763585,30.538837877796663,21.068396906014875,China,,,,,,,1404089.0,39248175.0,1.3222373852356109,,,,,,,,,,,,,,,,,
France,2022,2796302210398.84,68065015.0,75.7901436111221,28.65931902115403,18.035973909306268,France,,,,,,,1404089.0,39248175.0,1.3222373852356109,,,,,,,,,,,,,,,,,
Germany,2022,4163596357879.39,83797985.0,89.0641273695259,29.05740032583458,18.243919519817155,Germany,,,,,,,1404089.0,39248175.0,1.3222373852356109,,,,,,,,,,,,,,,,,
India,2022,3346107287730.93,1425423212.0,50.0752701498882,28.8388187824534,21.07773459745116,India,,,,,,,1404089.0,39248175.0,1.3222373852356109,,,,,,,,,,,,,,,,,
Indonesia,2022,1319101183380.15,278830529.0,45.4646701959453,27.907971698912664,19.44611473229052,Indonesia,,,,,,,1404089.0,39248175.0,1.3222373852356109,,,,,,,,,,,,,,,,,
Italy,2022,2104067630319.46,59013667.0,72.0165023032697,28.374893553975372,17.893279619112445,Italy,,,,,,,1404089.0,39248175.0,1.3222373852356109,,,,,,,,,,,,,,,,,
Japan,2022,4262463317796.53,125124989.0,46.8129868368938,29.080868352705615,18.644823707687568,Japan,,,,,,,1404089.0,39248175.0,1.3222373852356109,,,,,,,,,,,,,,,,,
"Korea, Rep.",2022,1673916511799.71,51672569.0,96.5364092886865,28.146187213275233,17.760437618400346,"Korea, Rep.",,,,,,,1404089.0,39248175.0,1.3222373852356109,,,,,,,,,,,,,,,,,
Mexico,2022,1466464899303.68,128613117.0,88.8269347828552,28.01387579006464,18.672319363011095,Mexico,,,,,,,1404089.0,39248175.0,1.3222373852356109,,,,,,,,,,,,,,,,,
Netherlands,2022,1046540797548.64,17700982.0,184.107484252682,27.67651136283,16.689130676231077,Netherlands,,,,,,,1404089.0,39248175.0,1.3222373852356109,,,,,,,,,,,,,,,,,
Russian Federation,2022,2291612121334.64,144236933.0,42.7827864294811,28.46027666893038,18.78696787346078,Russian Federation,,,,,,,1404089.0,39248175.0,1.3222373852356109,,,,,,,,,,,,,,,,,
Saudi Arabia,2022,1239075200000.0,32175224.0,56.8241647749332,27.845386410841893,17.286707273349194,Saudi Arabia,,,,,,,1404089.0,39248175.0,1.3222373852356109,,,,,,,,,,,,,,,,,
Spain,2022,1446498147749.03,47786102.0,78.6275624641006,28.000166680856445,17.68224540204672,Spain,,,,,,0.8241605848103616,1404089.0,39248175.0,1.3222373852356109,,,,,,,,,,,,,,,,,
Switzerland,2022,828508926958.393,8777088.0,138.500698753519,27.442893448599147,15.987655247728846,Switzerland,,,,,,,1404089.0,39248175.0,1.3222373852356109,,,,,,,,,,,,,,,,,
Turkiye,2022,907118434653.505,84979913.0,81.170129694525,27.533538856986212,18.257925468880117,Turkiye,,,,,,,1404089.0,39248175.0,1.3222373852356109,,,,,,,,,,,,,,,,,
United Kingdom,2022,3114042471144.39,67604000.0,68.8805301397863,28.76694282802204,18.029177710860257,United Kingdom,,,,,,,1404089.0,39248175.0,1.3222373852356109,,,,,,,,,,,,,,,,,
United States,2022,26006893000000.0,334017321.0,26.891689830077,30.88938273419777,19.626703408877766,United States,,,,,,,1404089.0,39248175.0,1.3222373852356109,,,,,,,,,,,,,,,,,
Australia,2023,1728057316695.61,26652777.0,49.2251840594381,28.178018955144353,17.098403905774052,Australia,,,,,,,1175254.0,13226555.0,-0.36348660367219265,,,,,,,,,,,,,,,,,
Brazil,2023,2191131765684.63,211140729.0,33.6662298301438,28.415439314251884,19.168035431205283,Brazil,,,,,,,1175254.0,13226555.0,-0.36348660367219265,,,,,,,,,,,,,,,,,
Canada,2023,2173339670064.33,40083484.0,66.6323313370668,28.40728611886852,17.50647493711073,Canada,,,,,,,1175254.0,13226555.0,-0.36348660367219265,,,,,,,,,,,,,,,,,
China,2023,18270356654533.2,1410710000.0,36.1051923690574,30.536301007448845,21.067358960698986,China,,,,,,,1175254.0,13226555.0,-0.36348660367219265,,,,,,,,,,,,,,,,,
France,2023,3051831611384.76,68287487.0,70.5595547931931,28.746763054625767,18.0392371013145,France,,,,,,,1175254.0,13226555.0,-0.36348660367219265,,,,,,,,,,,,,,,,,
Germany,2023,4525703903627.53,83901923.0,82.7991064495705,29.140794239795135,18.2451590913178,Germany,,,,,,,1175254.0,13226555.0,-0.36348660367219265,,,,,,,,,,,,,,,,,
India,2023,3638489096033.86,1438069596.0,44.9928422877561,28.92258962789901,21.08656749284882,India,,,,,,,1175254.0,13226555.0,-0.36348660367219265,,,,,,,,,,,,,,,,,
Indonesia,2023,1371169301563.62,281190067.0,41.3362868707652,27.94668499653145,19.454541393663803,Indonesia,,,,,,,1175254.0,13226555.0,-0.36348660367219265,,,,,,,,,,,,,,,,,
Italy,2023,2304605139862.79,58993475.0,65.6408634740709,28.465930471786265,17.892937402533775,Italy,,,,,,,1175254.0,13226555.0,-0.36348660367219265,,,,,,,,,,,,,,,,,
Japan,2023,4213167237905.83,124516650.0,45.1508795641248,29.069235793818997,18.63994999986707,Japan,,,,,,,1175254.0,13226555.0,-0.36348660367219265,,,,,,,,,,,,,,,,,
"Korea, Rep.",2023,1712792854202.37,51712619.0,87.9396791903733,28.1691464022155,17.76121239093359,"Korea, Rep.",,,,,,,1175254.0,13226555.0,-0.36348660367219265,,,,,,,,,,,,,,,,,
Mexico,2023,1793798859343.27,129739759.0,73.7695331207325,28.215356754741645,18.681041148186186,Mexico,,,,,,,1175254.0,13226555.0,-0.36348660367219265,,,,,,,,,,,,,,,,,
Netherlands,2023,1154361305398.06,17877117.0,165.905457011481,27.77456832461184,16.699032073098078,Netherlands,,,,,,,1175254.0,13226555.0,-0.36348660367219265,,,,,,,,,,,,,,,,,
Russian Federation,2023,2071505725030.58,143826130.0,40.8343264105273,28.359296862172613,18.78411569745315,Russian Federation,,,,,,,1175254.0,13226555.0,-0.36348660367219265,,,,,,,,,,,,,,,,,
Saudi Arabia,2023,1218584533333.33,33702731.0,54.1690118283683,27.828711082519852,17.33308943061481,Saudi Arabia,,,,,,,1175254.0,13226555.0,-0.36348660367219265,,,,,,,,,,,,,,,,,
Spain,2023,1620090734956.89,48347910.0,72.1917288917484,28.11350327283703,17.693933552455658,Spain,,,,,,1.1935190753128448,1175254.0,13226555.0,-0.36348660367219265,,,,,,,,,,,,,,,,,
Switzerland,2023,894424821645.205,8888093.0,135.32000224909,27.51944669124884,16.000223073793215,Switzerland,,,,,,,1175254.0,13226555.0,-0.36348660367219265,,,,,,,,,,,,,,,,,
Turkiye,2023,1118252958513.72,85325965.0,66.2766047093165,27.742788724919823,18.261989362391304,Turkiye,,,,,,,1175254.0,13226555.0,-0.36348660367219265,,,,,,,,,,,,,,,,,
United Kingdom,2023,3369861888972.88,68492000.0,65.0323382579942,28.845892876952384,18.042227508091,United Kingdom,,,,,,,1175254.0,13226555.0,-0.36348660367219265,,,,,,,,,,,,,,,,,
United States,2023,27720709000000.0,336806231.0,24.8993631439946,30.953200867123737,19.635018340755135,United States,,,,,,,1175254.0,13226555.0,-0.36348660367219265,,,,,,,,,,,,,,,,,
Australia,2024,1752193307380.34,27204809.0,47.3142290131289,28.19188943761901,17.118904317109276,Australia,,,,,,,,,,,,,,,,,,,,,,,,,,
Brazil,2024,2179412080828.59,211998573.0,35.5312202442457,28.410076268663975,19.17209010148156,Brazil,,,,,,,,,,,,,,,,,,,,,,,,,,
Canada,2024,2241253230970.34,41288599.0,65.1790339912717,28.438056303457728,17.53609696655278,Canada,,,,,,,,,,,,,,,,,,,,,,,,,,
China,2024,18743803170827.2,1408975000.0,37.1984201388623,30.561884316162732,21.066128326625343,China,,,,,,,,,,,,,,,,,,,,,,,,,,
France,2024,3162079073495.78,68516699.0,67.2229707568101,28.78225086183382,18.042588054544588,France,,,,,,,,,,,,,,,,,,,,,,,,,,
Germany,2024,4659929336890.62,83510950.0,80.3446714019595,29.17002140019375,18.240488318947836,Germany,,,,,,,,,,,,,,,,,,,,,,,,,,
India,2024,3912686168582.21,1450935791.0,44.6710926352422,28.995245253686992,21.09547455831868,India,,,,,,,,,,,,,,,,,,,,,,,,,,
Indonesia,2024,1396300098190.97,283487931.0,42.572647301834,27.964847067216816,19.46268010879732,Indonesia,,,,,,,,,,,,,,,,,,,,,,,,,,
Italy,2024,2372774547793.12,58986023.0,63.1760890612347,28.49508108161759,17.892811075500074,Italy,,,,,,,,,,,,,,,,,,,,,,,,,,
Japan,2024,4026210821146.81,123975371.0,,29.02384680668991,18.635593482873812,Japan,,,,,,,,,,,,,,,,,,,,,,,,,,
"Korea, Rep.",2024,,51751065.0,,,17.761955569608137,"Korea, Rep.",,,,,,,,,,,,,,,,,,,,,,,,,,
Mexico,2024,1852722885258.11,130861007.0,74.7115956058691,28.247677502808077,18.689646302623085,Mexico,,,,,,,,,,,,,,,,,,,,,,,,,,
Netherlands,2024,1227543925316.41,17994237.0,156.173668455139,27.836036480346664,16.705562097929484,Netherlands,,,,,,,,,,,,,,,,,,,,,,,,,,
Russian Federation,2024,2173835806671.66,143533851.0,39.5081647660396,28.40751437586534,18.782081460815373,Russian Federation,,,,,,,,,,,,,,,,,,,,,,,,,,
Saudi Arabia,2024,1237529866666.67,35300280.0,54.8044847186988,27.84413846577816,17.3794014538834,Saudi Arabia,,,,,,,,,,,,,,,,,,,,,,,,,,
Spain,2024,1722745978335.16,48807137.0,70.3050400627785,28.174940632736167,17.70338711012989,Spain,,,,,,1.240213535470188,,,,,,,,,,,,,,,,,,,,
Switzerland,2024,936564198048.516,9034102.0,134.09514852061,27.56548390752057,16.016517085812602,Switzerland,,,,,,,,,,,,,,,,,,,,,,,,,,
Turkiye,2024,1323254808058.74,85518661.0,55.8217844527219,27.911115581200477,18.26424516740227,Turkiye,,,,,,,,,,,,,,,,,,,,,,,,,,
United Kingdom,2024,3643834188782.91,69226000.0,62.4075013968837,28.9240575917616,18.05288707256521,United Kingdom,,,,,,,,,,,,,,,,,,,,,,,,,,
United States,2024,29184890000000.0,340110988.0,24.8879916970734,31.00467222551775,19.64478255760019,United States,,,,,,,,,,,,,,,,,,,,,,,,,,
