country_name,year,gdp_current_usd,population_total,trade_openness_gdp_pct,log_gdp,log_population,country,node_dli_us,import_share_from_us,vul_us,us_import_share,hhi_imports,ovi_gas,us_production_oil,us_production_gas,us_prod_shock
Australia,2000,416167815092.908,19028802.0,40.9352109785505,26.75435441752874,16.761464284058956,AUS,,,,,,0.17222866474484685,,,
Brazil,2000,655448231983.527,174018282.0,22.6397613567941,27.208585162177982,18.974670920624963,BRA,,,,,,0.5646861796098004,,,
Canada,2000,744773415931.587,30685730.0,82.7653578503214,27.33634586937697,17.239308283647823,CAN,,,,,,0.2021467303701018,,,
China,2000,1223754919971.05,1262645000.0,39.0109424774998,27.832945051188403,20.95647456400401,CHI,,,,,,,,,
France,2000,1360959069477.49,60918661.0,57.7860470318197,27.939210765286347,17.925050106104244,FRA,,,,,,,,,
Germany,2000,1966980701145.1,82211508.0,59.1955992975405,28.307520843973204,18.224805850227323,GER,,,,,,,,,
Indonesia,2000,165021012077.81,216077790.0,71.4368759173731,25.82933864866531,19.19114903970289,IND,,,,,,0.17269459431666723,,,
Italy,2000,1149661363439.38,56942108.0,50.2747311455639,27.77048854836546,17.85754566055495,ITA,,,,,,,,,
Japan,2000,4968359075956.59,126843000.0,19.5623715839054,29.234110735716857,18.65846065919957,JAP,,,,,,,,,
"Korea, Rep.",2000,576179387819.613,47008111.0,66.0951601081834,27.079684886342637,17.665830719253158,KOR,,,,,,,,,
Mexico,2000,742061329749.127,98625552.0,49.9104091872497,27.332697731346503,18.406840934072825,MEX,,,,,,,,,
Netherlands,2000,417649282153.726,15925513.0,125.667030082421,26.7579078793721,16.58343297240444,NET,,,,,,,,,
Russian Federation,2000,259710142196.943,146596869.0,68.0939070373555,26.28283200836407,18.803196989753555,RUS,,,,,,,,,
Saudi Arabia,2000,189514933333.333,16177722.0,68.1664488005167,25.96773366223386,16.599145668582498,SAU,,,,,,,,,
Spain,2000,598102854756.08,40567864.0,60.1216241049216,27.117028574026964,17.518486784055394,SPA,,,,,,,,,
Switzerland,2000,279216033870.204,7184250.0,97.9368562124093,26.355251634087587,15.787401687913247,SWI,,,,,,,,,
Turkiye,2000,274294623164.043,65425961.0,42.3544370390114,26.337468632671023,17.99642969484731,TUR,,,,,,,,,
United Kingdom,2000,1665534876683.31,58892514.0,52.521730598718,28.141167435029345,17.891224543770143,UNI,,,,,,,,,
Australia,2001,379629301675.108,19274701.0,44.2187044989977,26.66246109162806,16.77430396497169,AUS,2.1704809645877488,0.004725422764699534,0.0005625967288786825,0.004725422764699534,0.1190574382214996,0.15968798508132198,907435.0,10580312.0,0.41549881850700443
Brazil,2001,559983634798.981,176301203.0,26.936285022064,27.051173396675345,18.98770447094096,BRA,2.192724012578526,0.04501297293923109,0.00449214677503412,0.04501297293923109,0.09979671374069556,0.5200959754878725,907435.0,10580312.0,0.41549881850700443
Canada,2001,738981792355.372,31020855.0,78.3442183943698,27.328539119371023,17.250170278195487,CAN,2.870222020803089,0.18191047838334318,0.02881952680218765,0.18191047838334318,0.15842697495113917,0.2146026381984289,907435.0,10580312.0,0.41549881850700443
China,2001,1355036590251.52,1271850000.0,38.0826469518334,27.93484957377127,20.96373837038239,CHI,,,,,,,907435.0,10580312.0,0.41549881850700443
France,2001,1370376677298.86,61364377.0,56.8932328560722,27.946106764911075,17.932340045595225,FRA,2.2958829162576273,0.007128084719972605,0.0006431179778419149,0.007128084719972605,0.09022311085051,,907435.0,10580312.0,0.41549881850700443
Germany,2001,1966381496641.73,82349925.0,59.5592863682118,28.307216165950752,18.226488103840698,GER,,,,,,,907435.0,10580312.0,0.41549881850700443
Indonesia,2001,160446947784.909,219097902.0,69.7932075256238,25.801229181478767,19.20502922898357,IND,1.807847579725917,0.0005200014517825475,0.00015725985656932386,0.0005200014517825475,0.3024219567661635,0.1722527655171672,907435.0,10580312.0,0.41549881850700443
Italy,2001,1172041488805.87,56976981.0,49.8632723203495,27.78976820646181,17.858157902127378,ITA,2.2836902778731094,0.01584613134490965,0.0016765757079938073,0.015846131344909645,0.10580347161721491,,907435.0,10580312.0,0.41549881850700443
Japan,2001,4374711694090.87,127149000.0,19.5596044720071,29.10686173507321,18.660870185074774,JAP,,,,,,,907435.0,10580312.0,0.41549881850700443
"Korea, Rep.",2001,547656279894.587,47370164.0,62.2237972179905,27.02891370063588,17.67350313700076,KOR,2.0641625315459082,0.0051606647049903314,0.000540623231043332,0.0051606647049903314,0.10475844914329593,,907435.0,10580312.0,0.41549881850700443
Mexico,2001,796064590549.136,100099099.0,44.7401090123173,27.402946163404756,18.42167124324594,MEX,2.6563054277876295,0.7698531974072038,0.45943054888755797,0.7698531974072038,0.5967768276274992,,907435.0,10580312.0,0.41549881850700443
Netherlands,2001,432536219668.898,16046180.0,119.47546387654,26.79293190471112,16.59098137298179,NET,,,,,,,907435.0,10580312.0,0.41549881850700443
Russian Federation,2001,306602070620.5,145976482.0,61.1108586644206,26.44881655685284,18.7989560845057,RUS,2.0384634622277122,0.00829861291905809,0.006165246571269128,0.00829861291905809,0.7429249479886448,,907435.0,10580312.0,0.41549881850700443
Saudi Arabia,2001,184137600000.0,17041397.0,63.5605836794513,25.938949141159753,16.65115605957305,SAU,2.3482044232254218,0.21355848096074823,0.0257864837375358,0.21355848096074823,0.12074670891799105,,907435.0,10580312.0,0.41549881850700443
Spain,2001,627798682378.741,40850412.0,58.0138895625701,27.165485382560632,17.52542746489874,SPA,,,,,,,907435.0,10580312.0,0.41549881850700443
Switzerland,2001,286582672434.226,7229854.0,96.0398378851633,26.38129289145563,15.793729400293431,SWI,,,,,,,907435.0,10580312.0,0.41549881850700443
Turkiye,2001,201753123806.695,66245128.0,49.8714751387935,26.03031062752899,18.008872480503793,TUR,2.143623768728904,0.006157797664531899,0.0007581123708178682,0.006157797664531899,0.1231142061039932,0.9122986161896185,907435.0,10580312.0,0.41549881850700443
United Kingdom,2001,1649827263567.01,59119673.0,52.8216135097523,28.13169170961352,17.895074303465783,UNI,,,,,,,907435.0,10580312.0,0.41549881850700443
Australia,2002,395788696012.059,19495210.0,41.4490922022193,26.70414630985878,16.785679352333634,AUS,2.0464493329570286,0.0055406588178604855,0.0006929356080600302,0.0055406588178604855,0.12506375700780037,0.20768369489292074,653059.0,1959586.0,-0.3654420658854176
Brazil,2002,509795273806.715,178503484.0,27.6183574022309,26.957275058164235,19.000118677200778,BRA,2.3146148088095178,0.04367223607741194,0.0038393519405986783,0.04367223607741194,0.0879128775039861,0.5104623439208492,653059.0,1959586.0,-0.3654420658854176
Canada,2002,760649334098.005,31359199.0,75.7070320779233,27.35743829241706,17.26101821102844,CAN,2.8915059006823576,0.20031070301115703,0.02887703541138289,0.20031070301115703,0.14416122043051527,0.20620091903731172,653059.0,1959586.0,-0.3654420658854176
China,2002,1489821682050.54,1280400000.0,42.1944423387413,28.029677552247968,20.970438366059984,CHI,,,,,,,653059.0,1959586.0,-0.3654420658854176
France,2002,1492427756382.43,61812142.0,55.1325248503102,28.031425276607752,17.939610375621637,FRA,1.995276757475133,0.008577089724743142,0.0007242959742268058,0.008577089724743142,0.08444542350272502,,653059.0,1959586.0,-0.3654420658854176
Germany,2002,2102350798305.89,82488495.0,58.3325687248129,28.374077262330573,18.228169387034765,GER,,,,,,,653059.0,1959586.0,-0.3654420658854176
Indonesia,2002,195660611165.183,222088495.0,59.0794617663723,25.999647419579027,19.218586486532395,IND,2.324570795696099,0.0030011002998764588,0.0010079643523271224,0.0030011002998764588,0.335864933394134,0.16494433834678135,653059.0,1959586.0,-0.3654420658854176
Italy,2002,1281746271196.04,57089824.0,47.8713186791542,27.87924453845525,17.860136445084052,ITA,1.7946161988410174,0.014754659439466132,0.0014484702657846945,0.014754659439466132,0.09817036250327066,,653059.0,1959586.0,-0.3654420658854176
Japan,2002,4182846045873.61,127445000.0,20.4471220661583,29.062013002995453,18.663195456945832,JAP,,,,,,,653059.0,1959586.0,-0.3654420658854176
"Korea, Rep.",2002,627246933729.618,47644736.0,58.3530394029217,27.164606133746748,17.67928270976891,KOR,1.81558802176256,0.00396186653735926,0.0003976221226706604,0.00396186653735926,0.10036232137584604,1.4906283587090268,653059.0,1959586.0,-0.3654420658854176
Mexico,2002,810666116401.915,101548624.0,45.209829259652,27.421122112583596,18.436048295923484,MEX,2.7072165112239706,0.7690844218373681,0.4586791569063603,0.7690844218373681,0.5963963693485829,0.1343897120600358,653059.0,1959586.0,-0.3654420658854176
Netherlands,2002,475529972122.746,16148929.0,112.750024358671,26.887695749800777,16.597364289644478,NET,,,,,,,653059.0,1959586.0,-0.3654420658854176
Russian Federation,2002,345470494417.863,145306497.0,59.6454457319607,26.568173076848513,18.794355841924887,RUS,2.239322847346796,0.010320495179850396,0.007182046125220811,0.010320495179850396,0.6959013109412567,0.0026548090417000797,653059.0,1959586.0,-0.3654420658854176
Saudi Arabia,2002,189605866666.667,17910910.0,64.5927974099254,25.96821336862337,16.700920582349703,SAU,2.2295064084373135,0.1938261736162743,0.033201398656065036,0.1938261736162743,0.1712947123529107,,653059.0,1959586.0,-0.3654420658854176
Spain,2002,708938227243.923,41431558.0,55.1021415309759,27.28703423308748,17.53955341894632,SPA,,,,,,,653059.0,1959586.0,-0.3654420658854176
Switzerland,2002,309301422430.386,7284753.0,91.7818508640225,26.45758211549652,15.801294091751814,SWI,,,,,,,653059.0,1959586.0,-0.3654420658854176
Turkiye,2002,240249071871.106,67048795.0,47.9823940487577,26.20494202160977,18.020931195867533,TUR,1.9856547082486966,0.028644781155205,0.0034973225382092916,0.028644781155205,0.12209283496563905,0.8413747221585347,653059.0,1959586.0,-0.3654420658854176
United Kingdom,2002,1785729916067.15,59370479.0,51.3796342070387,28.210848364140787,17.899307674262147,UNI,,,,,,,653059.0,1959586.0,-0.3654420658854176
Australia,2003,467739079790.332,19720737.0,40.2015669125448,26.87117645557545,16.797181279665555,AUS,2.2140296340045498,0.0035420867566406107,0.0004322311347735605,0.0035420867566406107,0.12202725807413525,0.20606270731318924,929219.0,2325334.0,0.23638581987116652
Brazil,2003,558233745651.874,180622688.0,28.1403847231593,27.04804361063172,19.01192081674905,BRA,2.6342949784282848,0.029510140557369814,0.0032633192679397236,0.029510140557369814,0.11058297948786786,0.4560760036142862,929219.0,2325334.0,0.23638581987116652
Canada,2003,895540646634.787,31642461.0,69.8400946170607,27.520693447294015,17.270010479128427,CAN,3.169537449886705,0.22215110073931013,0.029822769408312178,0.22215110073931013,0.13424542713974036,0.20087673904714384,929219.0,2325334.0,0.23638581987116652
China,2003,1683903309843.85,1288400000.0,51.0774801301803,28.15213561314293,20.976666975421317,CHI,,,,,,,929219.0,2325334.0,0.23638581987116652
France,2003,1835095983049.09,62249855.0,52.5988822870657,28.238117902905863,17.94666676398911,FRA,2.5951009940929652,0.005551531279894749,0.0004919232797158426,0.005551531279894749,0.08861037701388381,,929219.0,2325334.0,0.23638581987116652
Germany,2003,2534715518349.01,82534176.0,58.9145442942507,28.561102525115807,18.22872302007064,GER,,,,,,,929219.0,2325334.0,0.23638581987116652
Indonesia,2003,234772463823.808,225048008.0,53.6164937473016,26.18188264299673,19.23182430629768,IND,1.522873475732651,0.001591919085364134,0.0004643459346030622,0.001591919085364134,0.2916894073776672,0.15407941882931758,929219.0,2325334.0,0.23638581987116652
Italy,2003,1582930016538.82,57399184.0,45.9940859777074,28.090298686462173,17.865540645160873,ITA,2.527964270661885,0.007818648123668972,0.0008411854718066913,0.007818648123668972,0.10758707368607827,,929219.0,2325334.0,0.23638581987116652
Japan,2003,4519561645253.53,127718000.0,21.3261252678119,29.139436123931112,18.66533526643363,JAP,,,,,,,929219.0,2325334.0,0.23638581987116652
"Korea, Rep.",2003,702714855193.904,47892330.0,61.1746012790121,27.278217035086055,17.684465924298767,KOR,2.0779222249210636,0.0031629096431149578,0.0003493422300407029,0.0031629096431149578,0.11044963955930683,1.423163778532686,929219.0,2325334.0,0.23638581987116652
Mexico,2003,765549967888.647,102978515.0,48.7004168690455,27.363860324752046,18.450030932202516,MEX,3.060434022321598,0.8250423470494863,0.564489887168881,0.8250423470494863,0.6841950466998548,0.633939625876908,929219.0,2325334.0,0.23638581987116652
Netherlands,2003,582435617081.96,16225302.0,111.30450319576,27.090484487662867,16.602082433632358,NET,,,,,,,929219.0,2325334.0,0.23638581987116652
Russian Federation,2003,430347420184.885,144648618.0,59.1282690076014,26.78785867333329,18.78981803524468,RUS,2.555636235363258,0.009053787505609843,0.0059265109094185425,0.009053787505609843,0.6545891325311535,0.0025933932351069706,929219.0,2325334.0,0.23638581987116652
Saudi Arabia,2003,215807733333.333,18786767.0,69.831170708742,26.097653724778656,16.748663296979522,SAU,2.4973635186439824,0.19779847440682696,0.042672576604374096,0.19779847440682696,0.21573764273128926,,929219.0,2325334.0,0.23638581987116652
Spain,2003,907963217057.645,42187645.0,53.4357897202258,27.53446970487875,17.557637963628153,SPA,,,,,,,929219.0,2325334.0,0.23638581987116652
Switzerland,2003,362075086507.76,7339001.0,90.3354963143961,26.615117448555516,15.808713287785537,SWI,,,,,,,929219.0,2325334.0,0.23638581987116652
Turkiye,2003,314595572145.767,67831730.0,46.2250976270923,26.47455375291899,18.032540637535835,TUR,2.454541382731261,0.03299402763107572,0.0034449556264634887,0.03299402763107572,0.10441149122451562,1.496398542807099,929219.0,2325334.0,0.23638581987116652
United Kingdom,2003,2054422857142.86,59647577.0,50.2395230519083,28.351016076325863,17.903964085398176,UNI,,,,,,,929219.0,2325334.0,0.23638581987116652
Australia,2004,614659980082.515,19932722.0,37.0096135930442,27.14433507394497,16.80787326088613,AUS,2.077134730599752,0.004852418559031275,0.0006661843940722297,0.004852418559031275,0.1372891447775736,0.4368528265347036,634759.0,9554276.0,0.04840203175174067
Brazil,2004,669289424806.307,182675143.0,29.6782524787535,27.229482426549136,19.023219958452252,BRA,2.498915315938481,0.03845833022753856,0.006134273614258622,0.03845833022753856,0.15950441888571906,0.3834910722589393,634759.0,9554276.0,0.04840203175174067
Canada,2004,1026690238278.25,31938807.0,70.1924199909562,27.65736138334429,17.279332348769906,CAN,3.1534643618909044,0.2464935132430517,0.03502435910733509,0.2464935132430517,0.14209038869432553,0.20537148768600239,634759.0,9554276.0,0.04840203175174067
China,2004,1984196551300.44,1296075000.0,58.6403340408439,28.31623518808009,20.98260630357244,CHI,,,,,,,634759.0,9554276.0,0.04840203175174067
France,2004,2109792297237.03,62707588.0,53.7497648292028,28.37761062124283,17.953993019014383,FRA,2.0722290652579254,0.007784149990215016,0.0006688094720146172,0.007784149990215016,0.08591939683270969,,634759.0,9554276.0,0.04840203175174067
Germany,2004,2852317768061.78,82516260.0,62.9064909465164,28.679153031650426,18.228505922794135,GER,,,,,,,634759.0,9554276.0,0.04840203175174067
Indonesia,2004,256836875295.452,227926649.0,59.761294836691,26.27170699384066,19.24453442024509,IND,1.6034676199067213,0.03526009998352012,0.006072207691373358,0.03526009998352012,0.17221186820829745,2.081408318658837,634759.0,9554276.0,0.04840203175174067
Italy,2004,1812808753294.75,57828179.0,47.2663923891771,28.225898555813277,17.872986740791998,ITA,2.110786951417528,0.013957907108856185,0.0016492545176101942,0.013957907108856185,0.11815915557739705,0.0026727147610918827,634759.0,9554276.0,0.04840203175174067
Japan,2004,4893116005656.56,127761000.0,23.6643534228975,29.218850436447557,18.665671889016355,JAP,,,,,,,634759.0,9554276.0,0.04840203175174067
"Korea, Rep.",2004,793175561887.027,48082519.0,70.0157148656729,27.39931042359527,17.688429238665744,KOR,1.9481436971181048,0.0031300691363398666,0.00033171969579369194,0.0031300691363398666,0.10597839259920852,1.2144906513992382,634759.0,9554276.0,0.04840203175174067
Mexico,2004,819459227375.022,104394131.0,52.0406200335632,27.431910480841957,18.46368401535751,MEX,2.7632865356144887,0.7776648991552993,0.4737552650465752,0.7776648991552993,0.6092023255275747,0.5875707409278692,634759.0,9554276.0,0.04840203175174067
Netherlands,2004,661224886143.245,16281779.0,116.958160026939,27.21735984003019,16.605557187752847,NET,,,,,,,634759.0,9554276.0,0.04840203175174067
Russian Federation,2004,591016690732.385,144067316.0,56.5818523984055,27.105110095463683,18.785791220531397,RUS,2.464113651501527,0.007936565420056257,0.004890812945649451,0.007936565420056257,0.616237967785161,0.2552961137413195,634759.0,9554276.0,0.04840203175174067
Saudi Arabia,2004,258742133333.333,19669480.0,75.0828366569341,26.27909777848733,16.794578753818545,SAU,2.318508709719471,0.15700992287074658,0.028929053436810542,0.15700992287074658,0.18424984171621728,,634759.0,9554276.0,0.04840203175174067
Spain,2004,1069829382514.67,42921895.0,54.4795182656074,27.6985202960942,17.574892626662635,SPA,,,,,,,634759.0,9554276.0,0.04840203175174067
Switzerland,2004,403912891033.374,7389625.0,95.5170944588529,26.72446507540501,15.815587547387867,SWI,,,,,,,634759.0,9554276.0,0.04840203175174067
Turkiye,2004,408865430220.331,68592617.0,48.8258381508865,26.73665191738359,18.04369546299754,TUR,1.9229696542073007,0.028335388795741837,0.0043182255639345555,0.028335388795741837,0.15239690533498118,1.4172061104258655,634759.0,9554276.0,0.04840203175174067
United Kingdom,2004,2421525082387.4,59987905.0,50.4517112404991,28.515418656938568,17.90965351653239,UNI,,,,,,,634759.0,9554276.0,0.04840203175174067
Australia,2005,695692898676.56,20176844.0,39.1607469727979,27.268174162373228,16.82004616819137,AUS,2.0445651653205164,0.003013813723238139,0.00046370103823420634,0.003013813723238139,0.1538585595582168,0.6629800534649049,332297.0,30872883.0,0.4400692365063845
Brazil,2005,891633839894.183,184688101.0,27.0867952043315,27.516321391858774,19.03417901970491,BRA,2.1101437938771728,0.0658540250798482,0.0076981049881379784,0.0658540250798482,0.11689649917076449,0.36816005398202567,332297.0,30872883.0,0.4400692365063845
Canada,2005,1173108598778.68,32242732.0,69.7591330167357,27.79067826339344,17.28880321146661,CAN,3.0255616164125216,0.2468371055800229,0.032117187758996406,0.2468371055800229,0.13011490992623162,0.20590612517731405,332297.0,30872883.0,0.4400692365063845
China,2005,2317551298052.05,1303720000.0,61.3600749408237,28.471532269223236,20.98848755346801,CHI,,,,,,,332297.0,30872883.0,0.4400692365063845
France,2005,2192146403028.17,63180854.0,55.8228361241299,28.415902272486615,17.961511870182598,FRA,1.789469151749049,0.006245131238007129,0.00044077218166751434,0.006245131238007129,0.07057852987700676,,332297.0,30872883.0,0.4400692365063845
Germany,2005,2893393187361.87,82469422.0,66.9531024934321,28.693451042594948,18.227938140175787,GER,,,,,,,332297.0,30872883.0,0.4400692365063845
Indonesia,2005,285868619196.085,230871650.0,63.9879358688635,26.3787981687817,19.257372486362165,IND,2.047069798813768,0.03243364140646794,0.0057435139285463175,0.03243364140646794,0.17708507831627385,2.188014716405485,332297.0,30872883.0,0.4400692365063845
Italy,2005,1864982261286.85,58166682.0,49.1221742288618,28.25427265760475,17.878823274548928,ITA,2.0060884986752585,0.01016330485808825,0.0012189917157563645,0.01016330485808825,0.11994048518442857,0.10881674439996633,332297.0,30872883.0,0.4400692365063845
Japan,2005,4831467035389.8,127773000.0,26.2299545778565,29.206171271510343,18.66576580998193,JAP,,,,,,,332297.0,30872883.0,0.4400692365063845
"Korea, Rep.",2005,934901071332.984,48184561.0,68.3248110236401,27.563706554576264,17.69054921650692,KOR,2.074116073359489,0.0031733379594197806,0.0003563012959101029,0.0031733379594197806,0.11227965645841571,1.4382213266071557,332297.0,30872883.0,0.4400692365063845
Mexico,2005,917571853529.104,105811504.0,52.5626446517886,27.544996728281856,18.477169804936775,MEX,2.6758966159101236,0.7048432057913402,0.3540846499693148,0.7048432057913402,0.5023594567699317,0.5352878988902451,332297.0,30872883.0,0.4400692365063845
Netherlands,2005,688133699635.797,16319868.0,122.255849523252,27.257248986865942,16.60789381923223,NET,,,,,,,332297.0,30872883.0,0.4400692365063845
Russian Federation,2005,764015973481.11,143518814.0,56.7132484905422,27.36185453359216,18.78197669258398,RUS,2.4435766132563583,0.010242127140830667,0.005602866880758931,0.010242127140830667,0.5470413326957121,0.27347581830753015,332297.0,30872883.0,0.4400692365063845
Saudi Arabia,2005,328459608764.111,20559890.0,81.9540759410158,26.517679710733248,16.838852648342375,SAU,2.381072083306066,0.1364309511563706,0.030206561861882735,0.1364309511563706,0.22140549197858647,,332297.0,30872883.0,0.4400692365063845
Spain,2005,1154667551775.88,43653155.0,54.6991667043772,27.77483358450988,17.59178611713384,SPA,,,,,,,332297.0,30872883.0,0.4400692365063845
Switzerland,2005,418284865884.998,7437115.0,102.261172141836,26.75942853468984,15.8219935627903,SWI,,,,,,,332297.0,30872883.0,0.4400692365063845
Turkiye,2005,506314717661.655,69329557.0,46.1423570520464,26.950424284553016,18.054381881167984,TUR,2.3141904305837797,0.043333315884537274,0.007039010003406548,0.043333315884537274,0.1624387577946301,1.1662606621736475,332297.0,30872883.0,0.4400692365063845
United Kingdom,2005,2543180000000.0,60401206.0,52.6807168405482,28.564436382403873,17.916519629593125,UNI,,,,,,,332297.0,30872883.0,0.4400692365063845
Australia,2006,748417562769.636,20450966.0,41.5594471705758,27.341226898160304,16.833540676501258,AUS,2.091680381113248,0.0036666768433843777,0.0005200948831200949,0.0036666768433843777,0.14184366535013276,0.6402001693510218,208340.0,8920834.0,-0.6914418377117387
Brazil,2006,1107626541434.92,186653106.0,26.04169989179,27.733240590970663,19.044762403957908,BRA,2.1608990880465258,0.05416895090531076,0.005506329785676707,0.05416895090531076,0.10165103243926518,0.8280671121168338,208340.0,8920834.0,-0.6914418377117387
Canada,2006,1319264809590.97,32571193.0,68.0521644769988,27.908095734934555,17.298938805381106,CAN,2.9342000470650005,0.22098035656225615,0.025583468826897708,0.22098035656225615,0.11577259275391816,0.20713165130608052,208340.0,8920834.0,-0.6914418377117387
China,2006,2791498472804.33,1311020000.0,63.5695798621627,28.65759965460885,20.99407129714174,CHI,,,,,,,208340.0,8920834.0,-0.6914418377117387
France,2006,2317861544690.82,63622342.0,57.8692775292673,28.47166612855778,17.968475255930883,FRA,2.328111598091768,0.006076906817610645,0.0004242818559060766,0.006076906817610645,0.06981872005615157,,208340.0,8920834.0,-0.6914418377117387
Germany,2006,3046308753670.58,82376451.0,72.7591934646234,28.744951728912167,18.22681016519934,GER,,,,,,,208340.0,8920834.0,-0.6914418377117387
Indonesia,2006,364570515618.357,233951652.0,56.6571268148867,26.62198582817102,19.27062503658946,IND,1.7181146218644556,0.0034667575468157632,0.000338513421681695,0.0034667575468157632,0.09764554258852672,2.093391517938802,208340.0,8920834.0,-0.6914418377117387
Italy,2006,1958563654385.64,58399861.0,52.9235429597012,28.303232491125172,17.882824067658635,ITA,2.0820325858467092,0.012778507462618124,0.001450902080603545,0.012778507462618126,0.11354237455727687,0.1111133588080175,208340.0,8920834.0,-0.6914418377117387
Japan,2006,4601663122649.92,127854000.0,30.0163760986692,29.15743890248288,18.66639954587611,JAP,,,,,,,208340.0,8920834.0,-0.6914418377117387
"Korea, Rep.",2006,1053216909887.56,48438292.0,70.6518735304194,27.682870320162767,17.695801215911906,KOR,1.9754120907481774,0.002794987339405499,0.00025065870174266106,0.002794987339405499,0.08968151597995318,1.3641172468803964,208340.0,8920834.0,-0.6914418377117387
Mexico,2006,1020265057882.01,107253666.0,54.4821160886169,27.65108357013543,18.4907072970064,MEX,2.5580632527695584,0.6147948948577024,0.23852274339961635,0.6147948948577024,0.38797124926488485,0.7633639047954868,208340.0,8920834.0,-0.6914418377117387
Netherlands,2006,737593995289.411,16346101.0,127.195613539333,27.32665936827905,16.609499955920807,NET,,,,,,,208340.0,8920834.0,-0.6914418377117387
Russian Federation,2006,989932071352.543,143049637.0,54.733401867266,27.620902162925532,18.7787022398829,RUS,2.1967621135647915,0.010974001674844238,0.005607291668989549,0.010974001674844238,0.5109614373253809,0.39764199888716784,208340.0,8920834.0,-0.6914418377117387
Saudi Arabia,2006,376900133511.348,21459144.0,89.9446046768984,26.655246091454902,16.881661406207247,SAU,2.234803736926229,0.17769040431758748,0.030844103657210062,0.17769040431758748,0.17358339509477477,,208340.0,8920834.0,-0.6914418377117387
Spain,2006,1261846683275.29,44397319.0,56.0839263823216,27.86359738556384,17.60868964269645,SPA,,,,,,,208340.0,8920834.0,-0.6914418377117387
Switzerland,2006,441634672196.523,7483934.0,106.245154784945,26.813748843764937,15.828269147523764,SWI,,,,,,,208340.0,8920834.0,-0.6914418377117387
Turkiye,2006,557076157773.479,70045349.0,48.7628710706907,27.045967796025373,18.064653433111182,TUR,2.2408126202939336,0.026908116584920216,0.005122419439626546,0.026908116584920216,0.19036707468768885,1.7797004988261225,208340.0,8920834.0,-0.6914418377117387
United Kingdom,2006,2708441582336.71,60846820.0,56.9144274808123,28.627394523540293,17.923870116377337,UNI,,,,,,,208340.0,8920834.0,-0.6914418377117387
Australia,2007,855007458585.224,20827622.0,42.0080200326348,27.47437602933661,16.851790644454184,AUS,1.9044191144830087,0.0032415690537411315,0.0004550805900551521,0.0032415690537411315,0.14038898524464208,0.9904786902819889,458474.0,17151162.0,0.1557221704040463
Brazil,2007,1397114486368.67,188552320.0,25.2926113755394,27.965430144433693,19.054886086021476,BRA,2.342081696065665,0.0702993466265881,0.006906348206152891,0.0702993466265881,0.09824199708195898,1.2902701185383423,458474.0,17151162.0,0.1557221704040463
Canada,2007,1468820407783.26,32888886.0,66.2834197482347,28.015480750904064,17.308645347114272,CAN,2.9469624522345086,0.253667973861479,0.032577554954726216,0.253667973861479,0.12842596745190984,0.1925727769344175,458474.0,17151162.0,0.1557221704040463
China,2007,3604055822571.63,1317885000.0,61.2664640006176,28.913080944614517,20.999294015805663,CHI,,,,,,,458474.0,17151162.0,0.1557221704040463
France,2007,2655816911866.56,64016890.0,58.1525611309659,28.607773411381512,17.974657512756817,FRA,2.3291730813846625,0.009560572261359214,0.0006963387857476437,0.009560572261359214,0.07283442525318523,,458474.0,17151162.0,0.1557221704040463
Germany,2007,3484056680854.91,82266372.0,74.8838416816798,28.879218443688565,18.22547297947333,GER,,,,,,,458474.0,17151162.0,0.1557221704040463
Indonesia,2007,432216737774.861,237062337.0,54.8292499782075,26.792193007189415,19.283833689830768,IND,1.4893359841688645,0.002882155166139542,0.0002779618114513703,0.002882155166139542,0.09644234797520701,2.1223382232465586,458474.0,17151162.0,0.1557221704040463
Italy,2007,2222524108127.65,58756247.0,54.8280415572531,28.42966465157717,17.888908037250598,ITA,2.0931882246260263,0.009354241813700159,0.001229324773609793,0.009354241813700159,0.13141896458239216,0.11057133561584799,458474.0,17151162.0,0.1557221704040463
Japan,2007,4579750920354.81,128001000.0,32.816578051879,29.15266572837376,18.667548634353373,JAP,,,,,,,458474.0,17151162.0,0.1557221704040463
"Korea, Rep.",2007,1172614086539.86,48683638.0,73.8745252877915,27.79025663448629,17.70085355624111,KOR,2.0181569414618905,0.0020348237204286337,0.0001671912157880855,0.0020348237204286337,0.08216496304302312,1.2594757628930044,458474.0,17151162.0,0.1557221704040463
Mexico,2007,1102355554880.44,108774360.0,55.2585243990368,27.72847041970261,18.504786202848813,MEX,2.566825142389603,0.5628529694736782,0.18859016539339726,0.5628529694736782,0.33506115383871427,0.7800507608395936,458474.0,17151162.0,0.1557221704040463
Netherlands,2007,853499460872.552,16381696.0,129.798241740597,27.4726107475141,16.61167517193275,NET,,,,,,,458474.0,17151162.0,0.1557221704040463
Russian Federation,2007,1299703478481.65,142805114.0,51.7061227454606,27.893157260903113,18.776991419553443,RUS,2.2828091734275033,0.047450660670101105,0.018890396823080396,0.047450660670101105,0.39810608653934565,0.39107574670738826,458474.0,17151162.0,0.1557221704040463
Saudi Arabia,2007,415964509673.115,22368313.0,94.8633170967657,26.753865780282503,16.923155917122347,SAU,2.239593298340252,0.1879710060450206,0.023433241672455685,0.1879710060450206,0.12466412860951136,,458474.0,17151162.0,0.1557221704040463
Spain,2007,1476746276854.51,45226803.0,57.6269487657546,28.02086232195537,17.62720045578097,SPA,,,,,,,458474.0,17151162.0,0.1557221704040463
Switzerland,2007,490740715594.802,7551117.0,113.331857768509,26.91918175111567,15.837206057301994,SWI,,,,,,,458474.0,17151162.0,0.1557221704040463
Turkiye,2007,681321124295.914,70158112.0,47.8508167487862,27.247299580110493,18.06626199574594,TUR,2.2517690676095983,0.028119808711942057,0.006252823157820765,0.028119808711942057,0.2223636448552826,1.5332224130726075,458474.0,17151162.0,0.1557221704040463
United Kingdom,2007,3090510204081.63,61322463.0,52.9643534370859,28.759357307797817,17.93165677750175,UNI,,,,,,,458474.0,17151162.0,0.1557221704040463
Australia,2008,1056112427190.38,21249199.0,42.8467764017331,27.685615760688012,16.87182975850661,AUS,1.965139994006316,0.0040899809128678135,0.0006519665111938897,0.0040899809128678135,0.15940575887351602,1.0347713331946053,490092.0,19802462.0,0.3319241553657592
Brazil,2008,1695855083497.52,190367302.0,27.257569417356,28.15920820359655,19.06446593238043,BRA,2.248561304652922,0.07309441262313936,0.006196260038314315,0.07309441262313936,0.08477063862953564,1.0962209406584824,490092.0,19802462.0,0.3319241553657592
Canada,2008,1552989690721.65,33247298.0,67.0236083618983,28.071203021774064,17.319484058606214,CAN,3.0229881795524873,0.28762452827182294,0.040342041500611145,0.28762452827182294,0.1402593921422634,0.19488786092002308,490092.0,19802462.0,0.3319241553657592
China,2008,4667346414521.95,1324655000.0,56.7111330003209,29.171611806522975,21.00441788512204,CHI,,,,,,,490092.0,19802462.0,0.3319241553657592
France,2008,2926802941585.86,64375116.0,59.1797928411748,28.704931797007667,17.980237718888297,FRA,2.1338072875257486,0.01713996575951401,0.0012079643253887402,0.01713996575951401,0.07047647249343111,,490092.0,19802462.0,0.3319241553657592
Germany,2008,3808786022312.5,82110097.0,76.1014102128448,28.968331624979747,18.223571551026374,GER,,,,,,,490092.0,19802462.0,0.3319241553657592
Indonesia,2008,510228634992.258,240157903.0,58.5613996312961,26.958124766113,19.296807194132423,IND,1.6770398346640547,0.00866657561784408,0.0006570885434770953,0.00866657561784408,0.07581870538626354,2.835711891441162,490092.0,19802462.0,0.3319241553657592
Italy,2008,2417508414187.19,59211181.0,54.2142548956671,28.51375854480025,17.896620950264115,ITA,2.1128280764153926,0.01953641726402703,0.0015055119107005076,0.01953641726402703,0.07706182205028198,0.11139819154324997,490092.0,19802462.0,0.3319241553657592
Japan,2008,5106679115127.3,128063000.0,34.1294765412245,29.261570429258025,18.66803288829935,JAP,,,,,,,490092.0,19802462.0,0.3319241553657592
"Korea, Rep.",2008,1047339010225.25,49054708.0,95.5163524347469,27.677273787408826,17.70844672305962,KOR,1.9165299422323911,0.006244384616897048,0.0004806599231358468,0.006244384616897048,0.07697474653230053,1.2238851831784983,490092.0,19802462.0,0.3319241553657592
Mexico,2008,1161553459984.65,110374288.0,56.3652818731773,27.78077941477409,18.519387766131462,MEX,2.6377252757816234,0.5935231349887035,0.21894371366537663,0.5935231349887035,0.3688882551638763,1.3618079089512078,490092.0,19802462.0,0.3319241553657592
Netherlands,2008,957901566041.406,16445593.0,130.152049980117,27.58801086020333,16.615568096547744,NET,,,,,,,490092.0,19802462.0,0.3319241553657592
Russian Federation,2008,1660848058303.11,142742366.0,53.3824660408908,28.13834946633886,18.776551926961808,RUS,2.4140666738161927,0.07972026941634718,0.022627049372113073,0.07972026941634718,0.28383056828296727,0.4565276018546317,490092.0,19802462.0,0.3319241553657592
Saudi Arabia,2008,519796800000.0,23287877.0,96.1026308742185,26.976703802920923,16.963443482703507,SAU,2.2227234161453895,0.19060324349296542,0.026078378264214296,0.19060324349296542,0.13682022292121576,,490092.0,19802462.0,0.3319241553657592
Spain,2008,1636115447612.5,45954106.0,55.8281315172523,28.123345918619677,17.643153760771607,SPA,,,,,,,490092.0,19802462.0,0.3319241553657592
Switzerland,2008,567267767519.158,7647675.0,116.778000147488,27.064097282317963,15.849912238040572,SWI,,,,,,,490092.0,19802462.0,0.3319241553657592
Turkiye,2008,770449132861.373,71051678.0,50.5482538951665,27.370239471177335,18.07891802939951,TUR,2.2713248972962177,0.09060196101859236,0.014365952685085538,0.09060196101859236,0.15856116714888227,1.4720848314310306,490092.0,19802462.0,0.3319241553657592
United Kingdom,2008,2929411764705.88,61806995.0,56.6986069277108,28.70582275590294,17.93952710372494,UNI,,,,,,,490092.0,19802462.0,0.3319241553657592
Australia,2009,928762122698.05,21691653.0,45.7408630288694,27.557118485596344,16.892438090134338,AUS,1.7995957128157143,0.005650923290357648,0.0007178637570939773,0.005650923290357648,0.12703477294036025,1.5490367307780155,326437.0,5114544.0,-0.6240126429292723
Brazil,2009,1666996438581.43,192079951.0,22.1059756060333,28.142044583271066,19.0734222547752,BRA,2.0722814855872977,0.10718787736718632,0.011981966525575663,0.10718787736718632,0.11178471689041704,2.0125200655963478,326437.0,5114544.0,-0.6240126429292723
Canada,2009,1374625142157.29,33630069.0,58.4743918224897,27.949202185992828,17.330931135453866,CAN,2.88207845895146,0.28220731956000883,0.034141211768943906,0.28220731956000883,0.12097918587715471,0.4091375091422616,326437.0,5114544.0,-0.6240126429292723
China,2009,5189577094997.58,1331260000.0,44.4197644331119,29.277673325200087,21.009391699130887,CHI,,,,,,,326437.0,5114544.0,-0.6240126429292723
France,2009,2700075882518.98,64706436.0,52.1991123027613,28.62430099318056,17.98537122902155,FRA,2.2847883699294664,0.027464259012730675,0.0021021671439506347,0.027464259012730675,0.07654192101000083,,326437.0,5114544.0,-0.6240126429292723
Germany,2009,3479800820863.28,81902307.0,66.1152685310257,28.87799617269281,18.22103771692474,GER,,,,,,,326437.0,5114544.0,-0.6240126429292723
Indonesia,2009,539580085612.401,243220028.0,45.5121213687054,27.014057054765768,19.30947705663923,IND,1.6960410077857913,0.004185243140847623,0.00030595240727018444,0.004185243140847623,0.07310266022160447,2.3090597099947408,326437.0,5114544.0,-0.6240126429292723
Italy,2009,2209484319012.65,59555454.0,45.1414765721604,28.42378026441696,17.90241843647352,ITA,1.9554085254334903,0.011450798329283288,0.0013578225668949982,0.011450798329283288,0.11857885606304143,0.24229419006014116,326437.0,5114544.0,-0.6240126429292723
Japan,2009,5289493117993.89,128047000.0,24.3901665338555,29.296743538303083,18.66790794198706,JAP,,,,,,,326437.0,5114544.0,-0.6240126429292723
"Korea, Rep.",2009,943941876218.743,49307835.0,86.133619369747,27.57333042939411,17.713593551334977,KOR,1.927993480281628,0.005271422538255086,0.0003915917755432667,0.005271422538255086,0.07428578769799946,1.2875194163371537,326437.0,5114544.0,-0.6240126429292723
Mexico,2009,943437415024.633,111999721.0,54.5917421313503,27.572795866777614,18.53400693818484,MEX,2.6880394453212992,0.6891693645055222,0.33570545663473433,0.6891693645055222,0.48711604712087336,1.2537259174170954,326437.0,5114544.0,-0.6240126429292723
Netherlands,2009,878954223140.234,16530388.0,115.109660363107,27.50199865493671,16.620710941996023,NET,,,,,,,326437.0,5114544.0,-0.6240126429292723
Russian Federation,2009,1222645900055.7,142785348.0,48.4350610278181,27.832038396823148,18.776852997563484,RUS,2.6299633904709183,0.01755262288852627,0.004613113771706966,0.01755262288852627,0.26281620707082176,0.4925873807884253,326437.0,5114544.0,-0.6240126429292723
Saudi Arabia,2009,429097866666.667,24217654.0,84.8583415624843,26.78495085728545,17.002592429300343,SAU,2.0445863120352152,0.20296225108792448,0.023660443242104853,0.20296225108792448,0.11657558543659927,,326437.0,5114544.0,-0.6240126429292723
Spain,2009,1496587590847.66,46362946.0,46.8366899971109,28.034208692995858,17.65201112057734,SPA,,,,,,,326437.0,5114544.0,-0.6240126429292723
Switzerland,2009,554212916092.271,7743831.0,109.775984764795,27.04081477493603,15.86240708435331,SWI,,,,,,,326437.0,5114544.0,-0.6240126429292723
Turkiye,2009,649289324627.732,72039206.0,46.7870669467638,27.199144254969973,18.092721056556655,TUR,2.1457160914202387,0.05728972638972522,0.011976565429705401,0.05728972638972522,0.20905258559331102,1.5408843894121056,326437.0,5114544.0,-0.6240126429292723
United Kingdom,2009,2412840006231.5,62276270.0,55.004384033595,28.51182559545461,17.947091012320875,UNI,,,,,,,326437.0,5114544.0,-0.6240126429292723
Australia,2010,1148838233480.72,22031750.0,40.5215889941287,27.76977231591978,16.907995152754747,AUS,1.9466596822963114,0.0035619490367810873,0.00041588617727922295,0.0035619490367810873,0.11675803695806296,1.4234782001906832,574157.0,8301188.0,-0.06586738089552976
Brazil,2010,2208837745100.55,193701929.0,22.772178113177,28.423487585926196,19.081831087026657,BRA,2.4801955397457367,0.1507430930807333,0.014151855864489188,0.1507430930807333,0.09388062547522423,1.5083704885736244,574157.0,8301188.0,-0.06586738089552976
Canada,2010,1617343367486.26,34005902.0,60.2081215044483,28.111806022457124,17.342044655751035,CAN,3.0758914772820445,0.2796785996039998,0.03170189181487619,0.2796785996039998,0.11335115328724925,0.4008960816667959,574157.0,8301188.0,-0.06586738089552976
China,2010,6192564874453.29,1337705000.0,49.8540722339456,29.454370474549485,21.01422129601767,CHI,,,,,,,574157.0,8301188.0,-0.06586738089552976
France,2010,2646230027988.34,65026211.0,56.587555247796,28.604157112078703,17.99030099273188,FRA,2.2506937830115095,0.026027411436968996,0.001987070770899735,0.026027411436968996,0.07634530908737723,0.24210901160004802,574157.0,8301188.0,-0.06586738089552976
Germany,2010,3468154343000.01,81776930.0,73.8626407651201,28.874643678758492,18.219505732455367,GER,,,,,,,574157.0,8301188.0,-0.06586738089552976
Indonesia,2010,755094157621.936,246305322.0,46.7012738758737,27.350108290501566,19.322082470652692,IND,1.4176409173652234,0.006108627852737599,0.00038779088248415,0.006108627852737599,0.06348248605623609,2.709364063194456,574157.0,8301188.0,-0.06586738089552976
Italy,2010,2144936254535.0,59819407.0,51.6621118138339,28.39413094970143,17.90684069804439,ITA,1.997460442992134,0.013505436677671333,0.001418111238828775,0.013505436677671333,0.1050029904751878,0.22750139262218988,574157.0,8301188.0,-0.06586738089552976
Japan,2010,5759071769013.11,128070000.0,28.4984726938389,29.381797426437096,18.668087547402255,JAP,,,,,,,574157.0,8301188.0,-0.06586738089552976
"Korea, Rep.",2010,1143672241149.72,49554112.0,91.3995964951756,27.76526546534497,17.71857580217899,KOR,1.9715961405093616,0.008627966163800242,0.0006483296400233809,0.008627966163800242,0.07514281207354898,1.0150950606668576,574157.0,8301188.0,-0.06586738089552976
Mexico,2010,1105424238572.81,113623895.0,59.2733845378721,27.731250303527652,18.548404385442133,MEX,2.7572869213347553,0.709903327415751,0.3643803151118168,0.709903327415751,0.5132815991133106,1.2668357596980782,574157.0,8301188.0,-0.06586738089552976
Netherlands,2010,852464982433.335,16615394.0,130.081707935343,27.471397968935893,16.625840173001556,NET,,,,,,,574157.0,8301188.0,-0.06586738089552976
Russian Federation,2010,1524916715223.95,142849468.0,50.3555054872589,28.05296091152868,18.77730196244791,RUS,2.6807636357570988,0.09017968888396913,0.028746623103982762,0.09017968888396913,0.31877048434897554,0.4646298723639919,574157.0,8301188.0,-0.06586738089552976
Saudi Arabia,2010,528207466666.667,23978487.0,82.5496850227537,26.992754972769102,16.992667611327914,SAU,2.2125580534539093,0.1986836075499913,0.01949770368977489,0.1986836075499913,0.09813443559941917,,574157.0,8301188.0,-0.06586738089552976
Spain,2010,1427989078916.67,46576897.0,52.6933699734019,27.98728833199924,17.65661520362785,SPA,,,,,,,574157.0,8301188.0,-0.06586738089552976
Switzerland,2010,598851027947.721,7824909.0,120.065123781818,27.118278702874683,15.872822664929895,SWI,,,,,,,574157.0,8301188.0,-0.06586738089552976
Turkiye,2010,776967266305.53,73142150.0,46.6944652263085,27.378664058119725,18.107915365932985,TUR,2.252292485563191,0.040761279209531154,0.008897455429257966,0.040761279209531154,0.21828204614288668,1.4506002862982799,574157.0,8301188.0,-0.06586738089552976
United Kingdom,2010,2485482596184.71,62766365.0,59.2727749722888,28.541487960318104,17.954929898787338,UNI,,,,,,,574157.0,8301188.0,-0.06586738089552976
Australia,2011,1398610616772.97,22340024.0,41.851132029052,27.96650044318763,16.921890425910927,AUS,1.845810743582282,0.003793955196225396,0.0004244736737185638,0.003793955196225396,0.11188157259760802,1.4765876373948716,611304.0,1291009.0,-0.36864356643338725
Brazil,2011,2616156223917.69,195284734.0,23.9344051758721,28.592727266363383,19.08996922586903,BRA,2.536746605176409,0.1586564291841868,0.015548872539243698,0.1586564291841868,0.09800341920712688,1.646301363992073,611304.0,1291009.0,-0.36864356643338725
Canada,2011,1793326630174.52,34339221.0,62.4987387708328,28.215093463606248,17.351798728260746,CAN,2.968985458753671,0.29645595986550666,0.036496287474800375,0.29645595986550666,0.12310863135069933,0.36509800101043455,611304.0,1291009.0,-0.36864356643338725
China,2011,7671757207851.29,1345035000.0,49.9458272253443,29.66856680648276,21.019685871966473,CHI,,,,,,,611304.0,1291009.0,-0.36864356643338725
France,2011,2870408553990.28,65340830.0,60.6056354816406,28.685475488875525,17.99512766684195,FRA,1.7322144949953588,0.03357603757500241,0.0022914128949519594,0.03357603757500241,0.0682454828040201,0.27894628457098186,611304.0,1291009.0,-0.36864356643338725
Germany,2011,3824828563521.41,80274983.0,78.4073134605377,28.9725347622082,18.200968586167797,GER,,,,,,,611304.0,1291009.0,-0.36864356643338725
Indonesia,2011,892969104563.171,249470032.0,50.1800131841104,27.517817819870736,19.33484935371735,IND,1.6636462140415702,0.0096089412772379,0.0007017795741561047,0.0096089412772379,0.07303401633003131,2.657114862750185,611304.0,1291009.0,-0.36864356643338725
Italy,2011,2306974020278.21,60026841.0,54.4722149449288,28.466957833798936,17.910302370155193,ITA,1.740338277962303,0.01926304151332547,0.0015917661736106895,0.01926304151332547,0.08263316945610918,0.24262551748869965,611304.0,1291009.0,-0.36864356643338725
Japan,2011,6233147172341.35,127833000.0,30.1949607286296,29.460902485275216,18.666235282538143,JAP,,,,,,,611304.0,1291009.0,-0.36864356643338725
"Korea, Rep.",2011,1253289537500.81,49936638.0,105.566313581348,27.856792840568307,17.726265519764812,KOR,1.7281894295604379,0.01157127342190287,0.0009043019106728347,0.01157127342190287,0.07815059567783718,0.9432462269717443,611304.0,1291009.0,-0.36864356643338725
Mexico,2011,1229013703577.75,115243504.0,62.1623872683072,27.837233096635597,18.562557873827338,MEX,2.3175687768035043,0.3848313492110668,0.07527637847232507,0.3848313492110668,0.19560874816110305,1.307134603078263,611304.0,1291009.0,-0.36864356643338725
Netherlands,2011,913140741332.687,16693074.0,141.757099325776,27.540155858270825,16.630504460823566,NET,,,,,,,611304.0,1291009.0,-0.36864356643338725
Russian Federation,2011,2045922753398.04,143018195.0,48.0353994077919,28.346870027807828,18.77848241789238,RUS,2.053539963616403,0.09981554227137775,0.04174590037635134,0.09981554227137775,0.41823046217444676,0.6514748762661623,611304.0,1291009.0,-0.36864356643338725
Saudi Arabia,2011,680660800000.0,25091867.0,84.3594342438995,27.24632992796479,17.038054327690542,SAU,2.103346213877578,0.1986619767074776,0.02077115670512402,0.1986619767074776,0.10455527046178938,,611304.0,1291009.0,-0.36864356643338725
Spain,2011,1487568659241.25,46742697.0,58.5118228859632,28.028164130774083,17.660168587592565,SPA,,,,,,,611304.0,1291009.0,-0.36864356643338725
Switzerland,2011,715888126682.396,7912398.0,125.556273159907,27.296789744048837,15.88394145435622,SWI,,,,,,,611304.0,1291009.0,-0.36864356643338725
Turkiye,2011,838785289694.35,74223629.0,53.3041756356468,27.45522059849845,18.1225931075779,TUR,2.2431000138598978,0.05799567512158677,0.005056461926752404,0.05799567512158677,0.0871868793000794,1.2419252422524418,611304.0,1291009.0,-0.36864356643338725
United Kingdom,2011,2663805834828.07,63258810.0,63.5654009707745,28.610776981126165,17.962744964409705,UNI,,,,,,,611304.0,1291009.0,-0.36864356643338725
Australia,2012,1547532281116.4,22733465.0,43.1642964994556,28.06768270145974,16.939348625917663,AUS,1.788989138885366,0.0029690069534578077,0.0003414587260758564,0.0029690069534578077,0.11500772191799073,1.4675871725278162,582899.0,10253947.0,-0.13835138368391403
Brazil,2012,2465227802806.76,196876111.0,25.1142736107398,28.53330533408495,19.098085210702852,BRA,2.5642002272826057,0.15290649619478758,0.014568508726750836,0.15290649619478758,0.09527723863472755,1.3889139040936183,582899.0,10253947.0,-0.13835138368391403
Canada,2012,1828366481521.6,34713395.0,62.5955489395005,28.23444405109945,17.36263619348411,CAN,2.8766937313878334,0.3220470575918239,0.046053458665361265,0.3220470575918239,0.1430022649787143,0.36923752280961675,582899.0,10253947.0,-0.13835138368391403
China,2012,8673664713189.24,1354190000.0,47.48021307841,29.791312506362353,21.026469326554945,CHI,,,,,,,582899.0,10253947.0,-0.13835138368391403
France,2012,2683007095787.23,65657659.0,61.6589570771102,28.617959332089832,17.9999648160363,FRA,1.9694006289324102,0.05557118422287617,0.0034344424021389764,0.05557118422287617,0.061802577183971,0.2700009077261767,582899.0,10253947.0,-0.13835138368391403
Germany,2012,3597896500945.31,80425823.0,79.3004877909427,28.91137048532478,18.20284586417347,GER,,,,,,,582899.0,10253947.0,-0.13835138368391403
Indonesia,2012,917869913332.649,252698525.0,49.5828982992627,27.545321510916256,19.347707735380563,IND,1.6331853611889628,0.009340823620007767,0.0007135061508648708,0.009340823620007767,0.0763857856534794,3.079595992515799,582899.0,10253947.0,-0.13835138368391403
Italy,2012,2097929495121.68,60191247.0,54.8844952702204,28.371972019580905,17.91303750103654,ITA,1.581107690875471,0.021312926521739974,0.002098898170160209,0.021312926521739974,0.09848005472262363,0.37567259403863684,582899.0,10253947.0,-0.13835138368391403
Japan,2012,6272362996105.03,127629000.0,30.4709109171752,29.467174272956424,18.664638175779704,JAP,,,,,,,582899.0,10253947.0,-0.13835138368391403
"Korea, Rep.",2012,1278046536287.01,50199853.0,105.458327737701,27.876353884591055,17.731522656370817,KOR,2.140822867656043,0.0105889701143028,0.0008514054046497979,0.0105889701143028,0.08040493036237606,0.8699254432432043,582899.0,10253947.0,-0.13835138368391403
Mexico,2012,1255110424665.92,116818208.0,64.2579318977864,27.858244672423208,18.57612950661971,MEX,2.3909336606738676,0.3849116251936837,0.08883263034159786,0.3849116251936837,0.23078708079263172,1.3268055133869114,582899.0,10253947.0,-0.13835138368391403
Netherlands,2012,845689017065.625,16754962.0,149.393223058131,27.46341753685308,16.634205011171268,NET,,,,,,,582899.0,10253947.0,-0.13835138368391403
Russian Federation,2012,2208293553878.42,143378447.0,47.1513903857957,28.42324118563241,18.780998174973107,RUS,2.2303347306394086,0.08560537997244788,0.012152638200350027,0.08560537997244788,0.14196115015506452,1.080909942983678,582899.0,10253947.0,-0.13835138368391403
Saudi Arabia,2012,751921333333.333,26168861.0,81.74067854616,27.345897545495173,17.080080750441095,SAU,1.876552949393822,0.12994617192612246,0.026043259983288877,0.12994617192612246,0.20041575367141326,,582899.0,10253947.0,-0.13835138368391403
Spain,2012,1330994811670.31,46773055.0,60.5540346961864,27.91694775726504,17.66081784721818,SPA,,,,,,,582899.0,10253947.0,-0.13835138368391403
Switzerland,2012,686420221557.99,7996861.0,126.453860464505,27.254755844997973,15.894559647644895,SWI,,,,,,,582899.0,10253947.0,-0.13835138368391403
Turkiye,2012,880555885492.269,75175827.0,52.830802656723,27.50381923304714,18.135340287776028,TUR,1.9111272683569003,0.05273250709545807,0.005651193993677581,0.05273250709545807,0.10716717836774968,1.1995138877747435,582899.0,10253947.0,-0.13835138368391403
United Kingdom,2012,2707089726614.64,63711000.0,62.2259827334183,28.62689527215644,17.969867790092547,UNI,,,,,,,582899.0,10253947.0,-0.13835138368391403
Australia,2013,1577123329410.88,23128129.0,41.2728790174276,28.086623625931413,16.956560140317556,AUS,1.7475398017512231,0.003137906582000818,0.00034385855363103067,0.003137906582000818,0.10958215123529162,1.3956498334350422,188365.0,14027935.0,-0.8428649985261376
Brazil,2013,2472819535557.21,198478299.0,25.7859573274674,28.53638012790992,19.106190327178084,BRA,2.2961576273990056,0.14528953856106055,0.013664791054624035,0.14528953856106055,0.09405213334669076,1.1788100944735067,188365.0,14027935.0,-0.8428649985261376
Canada,2013,1846597421834.98,35080992.0,62.2310749013405,28.24436583011532,17.373170003289644,CAN,3.0169557955669504,0.4591483030754457,0.10747895991007513,0.4591483030754457,0.23408332164175405,0.3481662781070308,188365.0,14027935.0,-0.8428649985261376
China,2013,9743124247267.24,1363240000.0,45.9160413795144,29.90758294675552,21.03313005633184,CHI,,,,,,,188365.0,14027935.0,-0.8428649985261376
France,2013,2816077607875.26,65997932.0,61.8192338733962,28.66636611345938,18.00513396616647,FRA,2.0469995734988107,0.06547002173459571,0.0043285004136628235,0.06547002173459571,0.06611423517178329,0.3880276953962517,188365.0,14027935.0,-0.8428649985261376
Germany,2013,3808086291482.36,80645605.0,77.5643815741748,28.96814789317927,18.205574866320283,GER,,,,,,,188365.0,14027935.0,-0.8428649985261376
Indonesia,2013,912524136718.018,255852467.0,48.6373726752893,27.53948037325106,19.360111535537463,IND,2.0624666442024484,0.005900173687002853,0.0004524274738052075,0.005900173687002853,0.0766803653258265,4.692553574399424,188365.0,14027935.0,-0.8428649985261376
Italy,2013,2153225581941.46,60311613.0,54.0341846317499,28.397988104456868,17.915035230219583,ITA,1.775479655726663,0.015796216679319408,0.0017634464420958097,0.015796216679319408,0.1116372659286533,0.4016562840669546,188365.0,14027935.0,-0.8428649985261376
Japan,2013,5212328181166.18,127445000.0,33.9787686509511,29.282047739664364,18.663195456945832,JAP,,,,,,,188365.0,14027935.0,-0.8428649985261376
"Korea, Rep.",2013,1370632955321.2,50428893.0,97.9521049538882,27.946293760257635,17.736074842592465,KOR,2.1901129974408473,0.00766270448849484,0.0006386003762604195,0.00766270448849484,0.08333877121573009,0.831201728179278,188365.0,14027935.0,-0.8428649985261376
Mexico,2013,1327436290439.27,118343573.0,62.6916747661852,27.914270596774703,18.589102587422236,MEX,2.4858666132745353,0.42121589765984496,0.11558905166254507,0.42121589765984496,0.2744175903728344,1.4177294554564677,188365.0,14027935.0,-0.8428649985261376
Netherlands,2013,883951539006.669,16804432.0,150.651850226949,27.507668077953173,16.637153219105684,NET,,,,,,,188365.0,14027935.0,-0.8428649985261376
Russian Federation,2013,2292470078346.22,143805638.0,46.287149400499,28.460650989016376,18.783973209714905,RUS,2.210448751830694,0.05203032406814496,0.008856903340496169,0.05203032406814496,0.17022579618947095,1.0904719151202873,188365.0,14027935.0,-0.8428649985261376
Saudi Arabia,2013,769755733333.333,27624004.0,80.2515014286783,27.36933907202901,17.13419566285358,SAU,2.0824099634826414,0.06394941331413002,0.009678324236197782,0.06394941331413002,0.15134344061385308,,188365.0,14027935.0,-0.8428649985261376
Spain,2013,1362186923157.65,46604197.0,61.6687726441327,27.940112555911377,17.657201159418005,SPA,,,,,,,188365.0,14027935.0,-0.8428649985261376
Switzerland,2013,706234937370.968,8089346.0,133.693708414477,27.283213791563295,15.90605844522302,SWI,,,,,,,188365.0,14027935.0,-0.8428649985261376
Turkiye,2013,957799120008.32,76147624.0,52.5272987998138,27.587903906090997,18.14818443524283,TUR,2.308593131396615,0.04220946044509592,0.0058945556527201124,0.04220946044509592,0.13965010664818786,1.1818547696046202,188365.0,14027935.0,-0.8428649985261376
United Kingdom,2013,2784853502534.29,64139000.0,61.9991119149908,28.655216385602625,17.976563161212827,UNI,,,,,,,188365.0,14027935.0,-0.8428649985261376
Australia,2014,1468265356427.76,23475686.0,42.4840230270994,28.015102790295032,16.97147580520884,AUS,1.6511306475536331,0.004316959309306026,0.00046538836205913594,0.004316959309306026,0.10780466729345883,1.6731672678701222,1200618.0,2951052.0,0.46207302568393127
Brazil,2014,2456043727198.85,200085127.0,24.6854058131291,28.52957293028901,19.11425346895543,BRA,2.3931010980995584,0.16286529575102932,0.016299279305849478,0.16286529575102932,0.1000782839013539,1.3002431032620207,1200618.0,2951052.0,0.46207302568393127
Canada,2014,1805749878439.94,35434066.0,64.3786621564923,28.221997066559044,17.38318423175861,CAN,3.184129380320533,0.6684194461736872,0.30461962147021227,0.6684194461736872,0.4557312376442405,0.33421691914783597,1200618.0,2951052.0,0.46207302568393127
China,2014,10674533168257.4,1371860000.0,44.0684564812401,29.99888194277621,21.03943332022726,CHI,,,,,,,1200618.0,2951052.0,0.46207302568393127
France,2014,2861236112552.42,66312067.0,62.1992669379507,28.682274854571848,18.009882444628186,FRA,2.0674790006647035,0.06755205122367294,0.004964023272259982,0.06755205122367294,0.07348441953040782,0.8050150816507934,1200618.0,2951052.0,0.46207302568393127
Germany,2014,3965800686309.79,80982500.0,76.8303312709159,29.008728889168182,18.209743639911967,GER,,,,,,,1200618.0,2951052.0,0.46207302568393127
Indonesia,2014,890814755533.537,258877399.0,48.0801755855227,27.51540233655429,19.371865144657846,IND,1.9313929181035223,0.0052709390393759015,0.0003959021214413271,0.0052709390393759015,0.07511035860665226,4.742644730197291,1200618.0,2951052.0,0.46207302568393127
Italy,2014,2173255507985.84,60320707.0,54.4545299332032,28.407247393348865,17.915186002417567,ITA,1.6348987379661883,0.021882771826996616,0.0022210236252971157,0.021882771826996616,0.10149644856951143,0.5393565071373533,1200618.0,2951052.0,0.46207302568393127
Japan,2014,4896994405353.29,127276000.0,37.4314345686579,29.219642746183972,18.66186851472436,JAP,,,,,,,1200618.0,2951052.0,0.46207302568393127
"Korea, Rep.",2014,1484488526271.8,50746659.0,90.6144418981567,28.0260914021017,17.7423563412068,KOR,2.1946197606677016,0.015782885314195458,0.0012753245857237026,0.015782885314195458,0.08080427376461063,1.2293416747941663,1200618.0,2951052.0,0.46207302568393127
Mexico,2014,1364507717764.6,119784261.0,64.0984090280535,27.941814833190644,18.60120285771938,MEX,2.9053168087574734,0.6479463401264354,0.3274747601159676,0.6479463401264354,0.5054041358611064,1.8955909369264246,1200618.0,2951052.0,0.46207302568393127
Netherlands,2014,901556501756.467,16865008.0,151.715891056501,27.527388552896394,16.64075150083295,NET,,,,,,,1200618.0,2951052.0,0.46207302568393127
Russian Federation,2014,2059241589895.01,144237223.0,47.8013412628116,28.35335887069727,18.786969884039504,RUS,2.008958014923199,0.013673710775185565,0.0029326186576143997,0.013673710775185565,0.21447130964159225,1.124012256978131,1200618.0,2951052.0,0.46207302568393127
Saudi Arabia,2014,787153066666.667,28309273.0,78.000111117736,27.39168856031087,17.158699976786604,SAU,2.016647131473235,0.046803454870563206,0.007817643112203478,0.046803454870563206,0.16703132565370393,,1200618.0,2951052.0,0.46207302568393127
Spain,2014,1380244561361.96,46460733.0,63.39926213895,27.95328181777457,17.654118062194566,SPA,,,,,,,1200618.0,2951052.0,0.46207302568393127
Switzerland,2014,726537809429.524,8188649.0,120.213423194635,27.311556361864103,15.918259484957348,SWI,,,,,,,1200618.0,2951052.0,0.46207302568393127
Turkiye,2014,938934609296.966,77181884.0,53.7663011662543,27.568011675068412,18.16167532424485,TUR,2.214180091930114,0.035893079473946744,0.004453387952479731,0.035893079473946744,0.124073721668609,1.1139521586038745,1200618.0,2951052.0,0.46207302568393127
United Kingdom,2014,3064708247921.43,64620000.0,59.0948041195932,28.75097349250591,17.984034518360627,UNI,,,,,,,1200618.0,2951052.0,0.46207302568393127
Australia,2015,1351296372254.31,23815995.0,41.6639319280984,27.93208552335302,16.98586797173483,AUS,1.703209454655744,0.004317088322977915,0.0005255916681089889,0.004317088322977915,0.1217467952442625,2.100903823655062,1117473.0,44961277.0,1.9658906960062772
Brazil,2015,1802212206814.5,201675532.0,26.95362593736,28.22003603000956,19.12217068669136,BRA,2.111043011911893,0.15703195058903954,0.014472010138416369,0.15703195058903954,0.09215965339620816,1.2311657838736487,1117473.0,44961277.0,1.9658906960062772
Canada,2015,1556508816217.14,35704498.0,66.1649020669781,28.073466490941257,17.390787233211,CAN,3.209969590339869,0.6952505929143553,0.34192959446983734,0.6952505929143552,0.4918076992017152,0.33272981865262674,1117473.0,44961277.0,1.9658906960062772
China,2015,11280814787468.9,1379860000.0,38.6971848362233,30.05412459232143,21.045247881693836,CHI,,,,,,,1117473.0,44961277.0,1.9658906960062772
France,2015,2442483452642.5,66548272.0,63.5046871956484,28.52403644607786,18.013438137028768,FRA,1.7117594219704,0.050769795846001005,0.0038607136848668993,0.050769795846001005,0.07604351407237335,1.1169281715239632,1117473.0,44961277.0,1.9658906960062772
Germany,2015,3423568450957.03,81686611.0,77.791356764377,28.861704529745214,18.21840066635147,GER,,,,,,,1117473.0,44961277.0,1.9658906960062772
Indonesia,2015,860854232686.214,261799249.0,41.9376402415294,27.481191027025265,19.383088542833978,IND,2.568219208553841,0.00634143461915656,0.0004953793994943198,0.00634143461915656,0.07811787540911484,4.811564872051732,1117473.0,44961277.0,1.9658906960062772
Italy,2015,1845428048839.1,60229605.0,55.4356858148221,28.24373237130293,17.913674566804808,ITA,1.9235558822648895,0.013729816251228998,0.0014065684935793436,0.013729816251228998,0.10244627224733888,0.4945425797888608,1117473.0,44961277.0,1.9658906960062772
Japan,2015,4444930651964.18,127141000.0,35.4274083544798,29.122785383414826,18.660807264786893,JAP,,,,,,,1117473.0,44961277.0,1.9658906960062772
"Korea, Rep.",2015,1466038936206.43,51014947.0,79.132494389092,28.01358527852628,17.74762922618088,KOR,2.2747459397808014,0.018560308072311793,0.0015932994413625037,0.018560308072311793,0.08584445016510166,1.346601697428329,1117473.0,44961277.0,1.9658906960062772
Mexico,2015,1213294467779.98,121072306.0,70.4129746726021,27.824360476346584,18.611898495334945,MEX,2.7987891481366534,0.6404070760814442,0.31699457661004954,0.6404070760814442,0.4949891849254575,1.8501981525081617,1117473.0,44961277.0,1.9658906960062772
Netherlands,2015,775743675302.734,16939923.0,160.325812564809,27.377087987231977,16.645183701723305,NET,,,,,,,1117473.0,44961277.0,1.9658906960062772
Russian Federation,2015,1363482182197.71,144640716.0,49.3593493116887,27.94106297145155,18.789763404817126,RUS,2.4926009454116795,0.011987290190031726,0.0037833915836928134,0.011987290190031726,0.31561691789516944,1.1612068425513726,1117473.0,44961277.0,1.9658906960062772
Saudi Arabia,2015,693414400000.0,29816382.0,67.1052692300592,27.264893637215614,17.210568531972225,SAU,2.217920604771199,0.10660796367877452,0.008680172354639746,0.10660796367877452,0.08142142533361187,,1117473.0,44961277.0,1.9658906960062772
Spain,2015,1206164777553.12,46422303.0,63.5820412248232,27.81846683637056,17.653290569816026,SPA,,,,,,,1117473.0,44961277.0,1.9658906960062772
Switzerland,2015,694118186379.628,8282396.0,117.138482368571,27.26590808033125,15.929642856482122,SWI,,,,,,,1117473.0,44961277.0,1.9658906960062772
Turkiye,2015,864313810469.009,78218479.0,51.0885436007552,27.485201746368283,18.175016481947893,TUR,2.1120801845688315,0.033395801798166466,0.0042509201439177935,0.033395801798166466,0.1272890577566903,1.1306153734599669,1117473.0,44961277.0,1.9658906960062772
United Kingdom,2015,2927911140916.73,65088000.0,57.2035496863734,28.705310363519537,17.99125075839037,UNI,,,,,,,1117473.0,44961277.0,1.9658906960062772
Australia,2016,1206836962281.84,24190907.0,40.974079475775,27.819023972103217,17.001487376715872,AUS,1.8503422119041684,0.011287844084019899,0.0012769548632034073,0.011287844084019899,0.1131265504465269,2.1636421387243807,746195.0,12036993.0,-0.2681036159460882
Brazil,2016,1795693482853.01,203218114.0,24.5336820777006,28.216412404680447,19.129790413396325,BRA,2.3185692519951298,0.2876322600671686,0.03496883859458642,0.2876322600671686,0.12157481426603682,1.6221470741545858,746195.0,12036993.0,-0.2681036159460882
Canada,2016,1527994741907.43,36110803.0,65.3636845215556,28.054977365506897,17.4021026306137,CAN,3.12175153497543,0.6322794546504724,0.26088678404779475,0.6322794546504724,0.4126130971502378,0.34751633722366687,746195.0,12036993.0,-0.2681036159460882
China,2016,11456024084962.0,1387790000.0,36.1771706929069,30.06953682853307,21.050978390754533,CHI,,,,,,,746195.0,12036993.0,-0.2681036159460882
France,2016,2470407619777.13,66724104.0,63.3427564383351,28.53540428120262,18.01607682491442,FRA,1.943612696625369,0.05156167440100314,0.003646550102540439,0.05156167440100314,0.07072210406086996,1.201816000737966,746195.0,12036993.0,-0.2681036159460882
Germany,2016,3537784107980.55,82348669.0,75.9845875141969,28.89452168888302,18.22647285173721,GER,,,,,,,746195.0,12036993.0,-0.2681036159460882
Indonesia,2016,931877364037.698,264627418.0,37.4213418023318,27.560467059323575,19.393833424836224,IND,1.64065935140437,0.006323424143708407,0.00049791691891622,0.006323424143708407,0.07874166078383821,4.75164470478731,746195.0,12036993.0,-0.2681036159460882
Italy,2016,1887111188176.93,60115223.0,54.4321467018313,28.26606830383127,17.91177366194095,ITA,1.868496170298104,0.021265565903452875,0.0019811868340065897,0.021265565903452875,0.09316407769260944,0.6011726958214656,746195.0,12036993.0,-0.2681036159460882
Japan,2016,5003677627544.24,127076000.0,31.3102468455884,29.241194283505177,18.66029589063476,JAP,,,,,,,746195.0,12036993.0,-0.2681036159460882
"Korea, Rep.",2016,1499679823909.61,51217803.0,73.6038094655981,28.03627275052594,17.75159774441469,KOR,2.0783778974443643,0.02319011558080078,0.0020368421990302477,0.02319011558080078,0.08783234356609072,1.598532755143028,746195.0,12036993.0,-0.2681036159460882
Mexico,2016,1112233497452.7,122251351.0,75.6903034088551,27.737391269437932,18.621589737382937,MEX,2.74933363911053,0.7319562333435137,0.40607816640768224,0.7319562333435137,0.5547847643195165,2.1626529196194046,746195.0,12036993.0,-0.2681036159460882
Netherlands,2016,797163949289.885,17030314.0,150.96552921165,27.404326202599055,16.650505490519393,NET,,,,,,,746195.0,12036993.0,-0.2681036159460882
Russian Federation,2016,1276786350881.14,145015460.0,46.5181198396096,27.875367373485457,18.792350915390923,RUS,2.1991987550953835,0.02362899940700519,0.0026082739600319814,0.02362899940700519,0.11038444392438883,1.2864867325931457,746195.0,12036993.0,-0.2681036159460882
Saudi Arabia,2016,689279466666.667,30954198.0,57.9216635110364,27.258912637719824,17.24801918602287,SAU,2.1987812508331372,0.05378726800830926,0.01066416491460769,0.05378726800830926,0.19826559908118496,,746195.0,12036993.0,-0.2681036159460882
Spain,2016,1243015667917.12,46458139.0,63.1886778507294,27.848561533298938,17.65406222854216,SPA,,,,,,,746195.0,12036993.0,-0.2681036159460882
Switzerland,2016,687895460902.713,8373338.0,123.565924513577,27.2569027169724,15.940563168220848,SWI,,,,,,,746195.0,12036993.0,-0.2681036159460882
Turkiye,2016,869682881593.041,79277962.0,48.3281862338973,27.491394478231296,18.188470741298374,TUR,1.5824799818293553,0.02795830098709407,0.004013375552501531,0.02795830098709407,0.14354862101077456,1.341748942805912,746195.0,12036993.0,-0.2681036159460882
United Kingdom,2016,2689106566899.61,65607000.0,59.7003984143761,28.620230123110407,17.999192955538568,UNI,,,,,,,746195.0,12036993.0,-0.2681036159460882
Australia,2017,1325582658156.54,24592588.0,42.2037316765804,27.91287322071349,17.017955654689374,AUS,1.744615200476567,0.012827343190403734,0.0015555363156898225,0.012827343190403734,0.12126722522350031,2.281246660603413,716299.0,6493522.0,-0.6859375242262113
Brazil,2017,2063514977365.65,204703445.0,24.3197343743057,28.35543194434661,19.1370728799965,BRA,2.5634559109308124,0.3693884056983248,0.06131047123118913,0.3693884056983248,0.16597833144026905,1.5986913976772097,716299.0,6493522.0,-0.6859375242262113
Canada,2017,1649265644244.09,36545075.0,65.1010608504649,28.131351240676125,17.414056988158855,CAN,3.1556458236959335,0.6382655945083433,0.26753538183562925,0.6382655945083434,0.4191599612097406,0.3477961254233493,716299.0,6493522.0,-0.6859375242262113
China,2017,12537559062282.9,1396215000.0,36.9508526159275,30.159749980055587,21.05703084088936,CHI,,,,,,,716299.0,6493522.0,-0.6859375242262113
France,2017,2588868323334.71,66918020.0,65.3958481559711,28.58224195535614,18.018978846077932,FRA,2.053243738930341,0.05304582511259541,0.0037895699906434453,0.05304582511259541,0.07143955217210175,1.4858875303226462,716299.0,6493522.0,-0.6859375242262113
Germany,2017,3763092263752.95,82657002.0,77.5666369468435,28.95626214590867,18.230210097336165,GER,,,,,,,716299.0,6493522.0,-0.6859375242262113
Indonesia,2017,1015618744159.73,267346658.0,39.3554970704606,27.64651914284897,19.404056718813333,IND,1.6971363150335488,0.017219515130689405,0.0012356853961224376,0.017219515130689405,0.0717607543966289,4.526470574882939,716299.0,6493522.0,-0.6859375242262113
Italy,2017,1970720904584.71,60002252.0,57.5829940274911,28.309420533151776,17.90989265281535,ITA,1.7965984815604457,0.02905388130879369,0.002624296535970937,0.02905388130879369,0.09032516200087337,0.5673008530151354,716299.0,6493522.0,-0.6859375242262113
Japan,2017,4930837369151.42,126972000.0,34.4232135721686,29.226529941314823,18.6594771476743,JAP,,,,,,,716299.0,6493522.0,-0.6859375242262113
"Korea, Rep.",2017,1623074183501.9,51361911.0,77.1209178066416,28.115343111057783,17.754407424597705,KOR,2.278804078738918,0.04897392156389772,0.0035672449497793917,0.04897392156389772,0.07283968356761265,1.5306575851958957,716299.0,6493522.0,-0.6859375242262113
Mexico,2017,1190721475906.0,123400057.0,76.9521260407254,27.80558052161109,18.630942131347936,MEX,2.8412563236250206,0.710718842175435,0.3678673835229299,0.710718842175435,0.5175990302957593,2.3704182882820883,716299.0,6493522.0,-0.6859375242262113
Netherlands,2017,848233537845.884,17131296.0,159.646059656847,27.4664218332263,16.656417524181034,NET,,,,,,,716299.0,6493522.0,-0.6859375242262113
Russian Federation,2017,1574199360089.0,145293260.0,46.8765243371311,28.084767916155503,18.794264740678653,RUS,2.11142895138351,0.022408389108741725,0.0026888297664055165,0.022408389108741725,0.11999210444612364,1.3886689392303349,716299.0,6493522.0,-0.6859375242262113
Saudi Arabia,2017,741266133333.333,30977355.0,59.5319791578229,27.33162555205803,17.248767011645107,SAU,2.1835340106252223,0.028055600277946423,0.005576112530767334,0.028055600277946423,0.19875220902510973,,716299.0,6493522.0,-0.6859375242262113
Spain,2017,1321754088818.83,46571232.0,66.167446137857,27.909980825545993,17.656493569407864,SPA,,,,,,,716299.0,6493522.0,-0.6859375242262113
Switzerland,2017,695200834102.045,8451840.0,123.621807421715,27.267466610698435,15.949894727108234,SWI,,,,,,,716299.0,6493522.0,-0.6859375242262113
Turkiye,2017,858988492853.742,80312698.0,55.762168749568,27.47902136286159,18.201438298420424,TUR,2.224884916037118,0.045022282666111746,0.006530981737345287,0.045022282666111746,0.1450610975409551,1.1579644403070872,716299.0,6493522.0,-0.6859375242262113
United Kingdom,2017,2680148052335.3,65966000.0,63.1216500310687,28.616893152334143,18.00465001573942,UNI,,,,,,,716299.0,6493522.0,-0.6859375242262113
Australia,2018,1427809041019.44,24963258.0,43.7360650798433,27.98716224612768,17.032915621793506,AUS,1.6320356723809561,0.017600028121452223,0.0020072717950944483,0.017600028121452223,0.11404935158301459,2.8085587459740347,1021769.0,4945908.0,-0.3055390347945641
Brazil,2018,1916933898010.99,206107261.0,28.8762033763866,28.28174809740014,19.143907275710756,BRA,2.6389715928388187,0.4111619346544248,0.079263708406272,0.4111619346544248,0.1927797826734421,1.676251404265394,1021769.0,4945908.0,-0.3055390347945641
Canada,2018,1725329192783.02,37072620.0,66.5998858508762,28.176438984600875,17.42838924972679,CAN,3.2312480857835766,0.6928759018660139,0.3398963774183576,0.6928759018660139,0.4905588093090957,0.3521061134856357,1021769.0,4945908.0,-0.3055390347945641
China,2018,14147765772963.8,1402760000.0,36.8943843914148,30.280577831647307,21.061707561423983,CHI,,,,,,,1021769.0,4945908.0,-0.3055390347945641
France,2018,2781576320884.39,67158348.0,66.8022607812266,28.65403890483578,18.022563791896093,FRA,1.80072518991174,0.05149598211138486,0.0040056326237628715,0.051495982111384876,0.07778534284672464,1.5527381508037081,1021769.0,4945908.0,-0.3055390347945641
Germany,2018,4052008447223.53,82905782.0,79.227659692288,29.030233787017533,18.233215364356088,GER,,,,,,,1021769.0,4945908.0,-0.3055390347945641
Indonesia,2018,1042271532988.63,269951846.0,43.0743089552002,27.67242361359333,19.413754152908577,IND,1.6576832058764677,0.048083088555427055,0.003002504033656045,0.048083088555427055,0.062444075949799976,4.183340596581193,1021769.0,4945908.0,-0.3055390347945641
Italy,2018,2099435266458.67,60148658.0,59.2749835128154,28.372689503758295,17.912329689246626,ITA,1.7140918752899832,0.031183578976370894,0.0030475363552591476,0.031183578976370894,0.09772888344754763,0.5866828081337601,1021769.0,4945908.0,-0.3055390347945641
Japan,2018,5040880939324.86,126811000.0,36.609931802107,29.248601972286497,18.658208346993412,JAP,,,,,,,1021769.0,4945908.0,-0.3055390347945641
"Korea, Rep.",2018,1725373496825.43,51585058.0,78.9888655134363,28.17646466287362,17.75874261487384,KOR,2.5755288011396775,0.09087838206664878,0.006875773081411897,0.09087838206664878,0.0756590613196581,1.3175557075346376,1021769.0,4945908.0,-0.3055390347945641
Mexico,2018,1256300182775.8,124573711.0,80.2126616635331,27.859192154444155,18.640408154897795,MEX,2.830706893013242,0.7213901527763056,0.3832400182664133,0.7213901527763056,0.5312520787697131,2.646938647036623,1021769.0,4945908.0,-0.3055390347945641
Netherlands,2018,929733599796.862,17231624.0,163.559146573044,27.55816393022722,16.66225685827024,NET,,,,,,,1021769.0,4945908.0,-0.3055390347945641
Russian Federation,2018,1657328773461.31,145398106.0,51.5809003703964,28.13622824957445,18.794986096844053,RUS,2.389806219248213,0.024282438892870208,0.002675668978742634,0.024282438892870208,0.11018946616306576,1.4161869578064936,1021769.0,4945908.0,-0.3055390347945641
Saudi Arabia,2018,886564800000.0,30196281.0,59.1029104697141,27.51062005623596,17.22322932906668,SAU,2.395183409324266,0.019817601552242353,0.0036230100734562123,0.019817601552242353,0.1828177877078304,,1021769.0,4945908.0,-0.3055390347945641
Spain,2018,1431642809327.06,46782011.0,67.0094103982921,27.98984371852549,17.661009306652936,SPA,,,,,,,1021769.0,4945908.0,-0.3055390347945641
Switzerland,2018,725568717468.001,8514329.0,124.428504325808,27.31022162217739,15.95726106685996,SWI,,,,,,,1021769.0,4945908.0,-0.3055390347945641
Turkiye,2018,778972108040.602,81407204.0,62.6142185426845,27.381241077350225,18.21497432828527,TUR,2.2817405559758885,0.044889810978571844,0.007761372825846034,0.044889810978571844,0.1728983182742945,1.8189587290154499,1021769.0,4945908.0,-0.3055390347945641
United Kingdom,2018,2871340347581.79,66289000.0,64.542648250433,28.685800056743492,18.009534528872233,UNI,,,,,,,1021769.0,4945908.0,-0.3055390347945641
Australia,2019,1392723834562.64,25334826.0,46.1875018936291,27.96228253878351,17.04769052889935,AUS,1.9405424709221926,0.05293341575864789,0.005900766464792183,0.05293341575864789,0.11147526340822163,2.586830883900549,1185914.0,1428953.0,-0.2829599729856474
Brazil,2019,1873288205059.69,207455459.0,28.8902578698964,28.258716401050087,19.15042721917157,BRA,2.385700522623144,0.4844999202574169,0.12288304892112013,0.4844999202574169,0.25362862568859007,1.6836373301600867,1185914.0,1428953.0,-0.2829599729856474
Canada,2019,1743725183672.52,37618495.0,66.1714852804959,28.187044850829164,17.443006375720604,CAN,3.3097282984555854,0.7376921123441421,0.4080396512759497,0.7376921123441421,0.5531300178598011,0.373635370667296,1185914.0,1428953.0,-0.2829599729856474
China,2019,14560167101283.4,1407745000.0,35.1994202739021,30.309310635367726,21.06525497032569,CHI,,,,,,,1185914.0,1428953.0,-0.2829599729856474
France,2019,2722793515171.76,67382061.0,66.4289771741449,28.632679496841067,18.025889383186374,FRA,1.6547296861871108,0.07316928738459148,0.005547287550323155,0.07316928738459148,0.07581442636123503,1.5234466907894413,1185914.0,1428953.0,-0.2829599729856474
Germany,2019,3957208055215.68,83092962.0,79.1337471144706,29.00655985597808,18.235470563098215,GER,,,,,,,1185914.0,1428953.0,-0.2829599729856474
Indonesia,2019,1119099871350.2,272489381.0,37.6277775357108,27.743545791812117,19.42311020250093,IND,1.6855472086117995,0.06906101223791922,0.00430126796331656,0.06906101223791922,0.062282144786677054,4.365550902686431,1185914.0,1428953.0,-0.2829599729856474
Italy,2019,2019606796583.53,59729081.0,58.6941902594738,28.33392395323722,17.905329578686892,ITA,1.820581367179529,0.026039441654054012,0.0025528757205393613,0.026039441654054012,0.09803880415162092,0.5736171779362198,1185914.0,1428953.0,-0.2829599729856474
Japan,2019,5117993853016.51,126633000.0,35.2164181084145,29.26378365261355,18.65680369721463,JAP,,,,,,,1185914.0,1428953.0,-0.2829599729856474
"Korea, Rep.",2019,1651422932447.77,51764822.0,75.757138965219,28.132658415503887,17.76222136455961,KOR,2.26658385966083,0.14667314226173064,0.0123697546572194,0.14667314226173064,0.08433551273583689,1.3858771055673107,1185914.0,1428953.0,-0.2829599729856474
Mexico,2019,1304106203902.45,125762982.0,77.4619722571128,27.89653902082704,18.64990959819611,MEX,2.7401290498906343,0.6822927572976585,0.32791283978972385,0.6822927572976585,0.48060430992772196,2.9864108189310143,1185914.0,1428953.0,-0.2829599729856474
Netherlands,2019,928903005576.469,17344874.0,160.676671884999,27.557270162964397,16.66880757401829,NET,,,,,,,1185914.0,1428953.0,-0.2829599729856474
Russian Federation,2019,1693115002708.32,145453291.0,49.2287536619033,28.157591145129473,18.795365568981588,RUS,2.3037709168104787,0.018989983616657213,0.0020992904537689796,0.018989983616657213,0.11054724933662241,1.5341806961980406,1185914.0,1428953.0,-0.2829599729856474
Saudi Arabia,2019,888890133333.333,30063799.0,56.7938204886513,27.513239480271185,17.21883231487594,SAU,1.5055783109748493,0.011137614230256597,0.0017425045787856086,0.011137614230256597,0.15645222960334687,,1185914.0,1428953.0,-0.2829599729856474
Spain,2019,1403496387686.27,47118501.0,66.3662250440692,27.969987658955414,17.668176284407693,SPA,,,,,,,1185914.0,1428953.0,-0.2829599729856474
Switzerland,2019,721369112726.724,8575280.0,124.127612180467,27.304416788761394,15.964394203544405,SWI,,,,,,,1185914.0,1428953.0,-0.2829599729856474
Turkiye,2019,761005915750.925,82579440.0,63.1932929004145,27.357906968432182,18.229271297096247,TUR,2.2574399028477954,0.04496773412835095,0.007466458759657691,0.04496773412835095,0.166040359924435,1.9815236892781336,1185914.0,1428953.0,-0.2829599729856474
United Kingdom,2019,2851407164907.81,66631000.0,64.6651336372235,28.678833730431514,18.014680492680636,UNI,,,,,,,1185914.0,1428953.0,-0.2829599729856474
Australia,2020,1328414058378.38,25649248.0,44.6644560654359,27.91500690933367,17.06002481141249,AUS,1.5151213135743709,0.06490016283457861,0.0072949760670731134,0.06490016283457861,0.11240304721063615,2.6931775931508253,1364899.0,36424512.0,1.4104640201408045
Brazil,2020,1476107231310.49,208660842.0,32.3020785437939,28.020429489407302,19.156220726268646,BRA,2.400394874429693,0.5559756630788436,0.18084534699524388,0.5559756630788436,0.3252756532431132,2.156907220986616,1364899.0,36424512.0,1.4104640201408045
Canada,2020,1655684730000.19,38028638.0,61.1567709632763,28.135235773332298,17.453850065431926,CAN,3.38981685622638,0.7975579829267804,0.5112229144149688,0.7975579829267804,0.6409852642173371,0.5659853127392733,1364899.0,36424512.0,1.4104640201408045
China,2020,14996414166715.1,1411100000.0,34.0389507864018,30.3388322329001,21.06763537902799,CHI,,,,,,,1364899.0,36424512.0,1.4104640201408045
France,2020,2647926055110.05,67601110.0,58.8388907240647,28.60479782880602,18.02913496099673,FRA,1.8316130486308007,0.09776952864021185,0.00764715546844496,0.09776952864021185,0.07821614336084406,1.6390374217870038,1364899.0,36424512.0,1.4104640201408045
Germany,2020,3940142541354.1,83160871.0,72.9932572283324,29.00223801659264,18.23628749468471,GER,,,,,,,1364899.0,36424512.0,1.4104640201408045
Indonesia,2020,1059054842698.48,274814866.0,32.9721754002427,27.688397968457593,19.431608214374723,IND,1.6928558281098895,0.05985867772298338,0.004830619049292378,0.05985867772298339,0.0807003968856066,4.397906998526561,1364899.0,36424512.0,1.4104640201408045
Italy,2020,1907481094079.23,59438851.0,53.9394839042764,28.276804688695083,17.900458627769716,ITA,1.594438216335468,0.03687969667197427,0.003552580333243749,0.03687969667197427,0.0963288924212719,0.7483415146647325,1364899.0,36424512.0,1.4104640201408045
Japan,2020,5054068005376.28,126261000.0,31.335208636773,29.251214580557143,18.65386175103713,JAP,,,,,,,1364899.0,36424512.0,1.4104640201408045
"Korea, Rep.",2020,1644312831906.17,51836239.0,69.0340450909562,28.1283436815078,17.76360005722208,KOR,2.2340189838763402,0.13850773826779478,0.012261641384704165,0.13850773826779478,0.08852676058428707,1.3496634138864203,1364899.0,36424512.0,1.4104640201408045
Mexico,2020,1121064767401.51,126799054.0,76.8545556992201,27.74530003480052,18.658114139371747,MEX,3.138621338775704,0.9282258563833969,0.8011685297676439,0.9282258563833969,0.8631180916347228,3.2089587318123796,1364899.0,36424512.0,1.4104640201408045
Netherlands,2020,932560861701.17,17441500.0,152.233230409706,27.56120025357443,16.674362981920844,NET,,,,,,,1364899.0,36424512.0,1.4104640201408045
Russian Federation,2020,1493075894362.14,145245148.0,45.9669082029127,28.031859466657885,18.79393354866331,RUS,2.4346054948715294,0.01742476322864217,0.00159328878878988,0.01742476322864217,0.09143818873652709,1.6096403981934493,1364899.0,36424512.0,1.4104640201408045
Saudi Arabia,2020,767951200000.0,31552510.0,47.533159225048,27.36699202640856,17.26716370004697,SAU,1.8362988818332566,0.02440866259035104,0.0035744293098859017,0.02440866259035104,0.14644101440030988,,1364899.0,36424512.0,1.4104640201408045
Spain,2020,1289783836971.21,47359424.0,59.4461280147076,27.88549575202163,17.673276386303904,SPA,,,,,,,1364899.0,36424512.0,1.4104640201408045
Switzerland,2020,741999406005.627,8638167.0,121.785978141921,27.33261427958197,15.971700965494875,SWI,,,,,,,1364899.0,36424512.0,1.4104640201408045
Turkiye,2020,720338490327.248,83384680.0,61.3437557667653,27.302987063936676,18.23897515740978,TUR,1.742582211061909,0.08346622983723789,0.014651539391624255,0.08346622983723789,0.175538531214304,2.540592043004593,1364899.0,36424512.0,1.4104640201408045
United Kingdom,2020,2696778386607.65,66744000.0,58.7811375973028,28.6230789863754,18.016374963564047,UNI,,,,,,,1364899.0,36424512.0,1.4104640201408045
Australia,2021,1556735770437.26,25685412.0,40.3024802691697,28.073612290099792,17.061433762245418,AUS,1.721314793285766,0.024767213929404574,0.003961392853694096,0.024767213929404574,0.15994503317916514,2.87974890723881,383078.0,8301199.0,-1.7860167317826248
Brazil,2021,1670647398904.9,209550294.0,37.6563307598082,28.14423233124984,19.160474335340812,BRA,2.467353020344112,0.5135828558727027,0.14365482811716873,0.5135828558727027,0.27971110498434393,1.864044887355397,383078.0,8301199.0,-1.7860167317826248
Canada,2021,2022378748423.23,38239864.0,62.2468367159421,28.33529553274605,17.459389089655794,CAN,3.2872378901143935,0.7278725484428435,0.39238269290031896,0.7278725484428435,0.5390815929790914,0.5854337492824225,383078.0,8301199.0,-1.7860167317826248
China,2021,18201698719564.0,1412360000.0,36.5206911762564,30.53253604189552,21.068527901028403,CHI,,,,,,,383078.0,8301199.0,-1.7860167317826248
France,2021,2966433692008.09,67842811.0,63.788482630872,28.71838157013104,18.03270398432062,FRA,1.8336190309011509,0.09042430266911454,0.0080398300098227,0.09042430266911454,0.08891226995957577,1.5454144992783954,383078.0,8301199.0,-1.7860167317826248
Germany,2021,4348297440387.53,83196078.0,80.15661805106,29.100805491400543,18.236710765257264,GER,,,,,,,383078.0,8301199.0,-1.7860167317826248
Indonesia,2021,1186509691086.73,276758053.0,40.2047582749671,27.802037080582156,19.438654227593982,IND,1.9582125827727033,0.11787696519468727,0.008314034010335565,0.11787696519468727,0.07053145622305418,4.883617570026842,383078.0,8301199.0,-1.7860167317826248
Italy,2021,2179207773596.09,59133173.0,60.3019776202798,28.409982520074063,17.89530262778127,ITA,1.924119345423139,0.024847484268051574,0.0030488545963825585,0.024847484268051577,0.1227027478312047,0.7161542187453409,383078.0,8301199.0,-1.7860167317826248
Japan,2021,5039148168861.22,125681593.0,36.7384462280698,29.248258169612495,18.649262226879053,JAP,,,,,,,383078.0,8301199.0,-1.7860167317826248
"Korea, Rep.",2021,1818432106880.04,51769539.0,80.1994569268269,28.22899576599409,17.762312484067333,KOR,2.5097466048120745,0.17353134700593514,0.014926679927244238,0.17353134700593514,0.08601719622872353,1.2443397312114333,383078.0,8301199.0,-1.7860167317826248
Mexico,2021,1316569466735.28,127648148.0,83.0692976326771,27.90605058071574,18.664788193125055,MEX,3.2651525839836832,0.8864522775938715,0.6995030088039312,0.8864522775938715,0.7891039669982199,3.3136882179334215,383078.0,8301199.0,-1.7860167317826248
Netherlands,2021,1054472123449.6,17533044.0,163.154842689698,27.684061400716473,16.67959788700253,NET,,,,,,,383078.0,8301199.0,-1.7860167317826248
Russian Federation,2021,1829186719575.1,144746762.0,50.5861954621752,28.234892568467295,18.790496304564417,RUS,2.4959113073606485,0.012755904036648292,0.00112883758521765,0.012755904036648292,0.08849530240855123,1.646170959523423,383078.0,8301199.0,-1.7860167317826248
Saudi Arabia,2021,982661066666.667,30784383.0,50.8839263398787,27.613530102792456,17.242518073898243,SAU,1.9346346216381323,0.010134316713100701,0.0018115710744876943,0.010134316713100701,0.17875611407978437,,383078.0,8301199.0,-1.7860167317826248
Spain,2021,1461244901852.69,47443821.0,66.524588943191,28.010309860831953,17.675056853255118,SPA,,,,,,,383078.0,8301199.0,-1.7860167317826248
Switzerland,2021,815309330986.719,8704546.0,130.016261288489,27.426833425400417,15.979355975889842,SWI,,,,,,,383078.0,8301199.0,-1.7860167317826248
Turkiye,2021,819865223976.115,84147318.0,71.0824439613318,27.43240580269122,18.24807960643542,TUR,1.870910989600073,0.06730616628983759,0.009882652962560537,0.06730616628983759,0.14683131587087137,2.049554565063003,383078.0,8301199.0,-1.7860167317826248
United Kingdom,2021,3143323050707.26,66984000.0,58.5845366237858,28.776301652651437,18.019964342866405,UNI,,,,,,,383078.0,8301199.0,-1.7860167317826248
Australia,2022,1690858246994.43,26014399.0,45.8217702307271,28.156257354415462,17.07416075038318,AUS,1.6847686170635845,0.030606183463784357,0.005167928070167561,0.030606183463784357,0.16885241756074093,2.7938211278999345,1404089.0,39248175.0,1.3222373852356109
Brazil,2022,1951923942083.32,210306415.0,38.8160659763397,28.29983663906367,19.164076144249535,BRA,2.4560350116713714,0.47286664867196,0.1158708280183317,0.47286664867196,0.24503912116397608,2.4717688002614016,1404089.0,39248175.0,1.3222373852356109
Canada,2022,2190411080134.32,38935934.0,67.3176215563989,28.41511034996594,17.47742813540461,CAN,3.36906068872764,0.7609313359959625,0.4469207498178402,0.7609313359959624,0.5873338745247989,0.6206026589992206,1404089.0,39248175.0,1.3222373852356109
China,2022,18316765021690.2,1412175000.0,37.4407198763585,30.538837877796663,21.068396906014875,CHI,,,,,,,1404089.0,39248175.0,1.3222373852356109
France,2022,2796302210398.84,68065015.0,75.7901436111221,28.65931902115403,18.035973909306268,FRA,1.6246384557430729,0.08868642292832778,0.005281839767415927,0.08868642292832778,0.05955635138971004,1.7212697148182072,1404089.0,39248175.0,1.3222373852356109
Germany,2022,4163596357879.39,83797985.0,89.0641273695259,29.05740032583458,18.243919519817155,GER,,,,,,,1404089.0,39248175.0,1.3222373852356109
Indonesia,2022,1319101183380.15,278830529.0,45.4646701959453,27.907971698912664,19.44611473229052,IND,2.2060324935865085,0.12040716539434397,0.007653542925305655,0.12040716539434397,0.06356384937922618,5.9355966298369545,1404089.0,39248175.0,1.3222373852356109
Italy,2022,2104067630319.46,59013667.0,72.0165023032697,28.374893553975372,17.893279619112445,ITA,2.096042944629441,0.07034952737727704,0.0075322143368143114,0.07034952737727704,0.10706844264098388,0.8733359947831879,1404089.0,39248175.0,1.3222373852356109
Japan,2022,4262463317796.53,125124989.0,46.8129868368938,29.080868352705615,18.644823707687568,JAP,,,,,,,1404089.0,39248175.0,1.3222373852356109
"Korea, Rep.",2022,1673916511799.71,51672569.0,96.5364092886865,28.146187213275233,17.760437618400346,KOR,2.034097246846015,0.15500454014925347,0.013039425005372043,0.15500454014925347,0.08412285854863616,1.2449087022819463,1404089.0,39248175.0,1.3222373852356109
Mexico,2022,1466464899303.68,128613117.0,88.8269347828552,28.01387579006464,18.672319363011095,MEX,2.3102908160058226,0.018922938149623786,0.006853447044105469,0.018922938149623786,0.3621766868292451,3.432367798712234,1404089.0,39248175.0,1.3222373852356109
Netherlands,2022,1046540797548.64,17700982.0,184.107484252682,27.67651136283,16.689130676231077,NET,,,,,,,1404089.0,39248175.0,1.3222373852356109
Russian Federation,2022,2291612121334.64,144236933.0,42.7827864294811,28.46027666893038,18.78696787346078,RUS,,,,,,1.8582396998078405,1404089.0,39248175.0,1.3222373852356109
Saudi Arabia,2022,1239075200000.0,32175224.0,56.8241647749332,27.845386410841893,17.286707273349194,SAU,2.5522061586646436,0.009637160735179603,0.001368634575356118,0.009637160735179603,0.1420163690286952,,1404089.0,39248175.0,1.3222373852356109
Spain,2022,1446498147749.03,47786102.0,78.6275624641006,28.000166680856445,17.68224540204672,SPA,,,,,,,1404089.0,39248175.0,1.3222373852356109
Switzerland,2022,828508926958.393,8777088.0,138.500698753519,27.442893448599147,15.987655247728846,SWI,,,,,,,1404089.0,39248175.0,1.3222373852356109
Turkiye,2022,907118434653.505,84979913.0,81.170129694525,27.533538856986212,18.257925468880117,TUR,1.5502858749919257,0.056193625168607875,0.010141100120574781,0.056193625168607875,0.18046709195476549,2.3049684160664294,1404089.0,39248175.0,1.3222373852356109
United Kingdom,2022,3114042471144.39,67604000.0,68.8805301397863,28.76694282802204,18.029177710860257,UNI,,,,,,,1404089.0,39248175.0,1.3222373852356109
Australia,2023,1728057316695.61,26652777.0,49.2251840594381,28.178018955144353,17.098403905774052,AUS,1.8133461895260372,0.03019161103164919,0.005497368089537749,0.030191611031649194,0.18208263493375626,3.1457549507193177,1175254.0,13226555.0,-0.36348660367219265
Brazil,2023,2191131765684.63,211140729.0,33.6662298301438,28.415439314251884,19.168035431205283,BRA,2.4968747387707557,0.26400560750065544,0.03218190092030774,0.26400560750065544,0.12189855065948871,2.6464658245625587,1175254.0,13226555.0,-0.36348660367219265
Canada,2023,2173339670064.33,40083484.0,66.6323313370668,28.40728611886852,17.50647493711073,CAN,3.3853633737006623,0.7659433275567837,0.45506697235451393,0.7659433275567837,0.5941261657126679,0.6190601772449686,1175254.0,13226555.0,-0.36348660367219265
China,2023,18270356654533.2,1410710000.0,36.1051923690574,30.536301007448845,21.067358960698986,CHI,,,,,,,1175254.0,13226555.0,-0.36348660367219265
France,2023,3051831611384.76,68287487.0,70.5595547931931,28.746763054625767,18.0392371013145,FRA,1.940278367452882,0.1730464458358624,0.011394035327573913,0.17304644583586243,0.06584379859717751,2.099997443394832,1175254.0,13226555.0,-0.36348660367219265
Germany,2023,4525703903627.53,83901923.0,82.7991064495705,29.140794239795135,18.2451590913178,GER,,,,,,,1175254.0,13226555.0,-0.36348660367219265
Indonesia,2023,1371169301563.62,281190067.0,41.3362868707652,27.94668499653145,19.454541393663803,IND,2.0856964068088,0.10260908861964156,0.008048217414928267,0.10260908861964156,0.0784357167888115,6.029101663945368,1175254.0,13226555.0,-0.36348660367219265
Italy,2023,2304605139862.79,58993475.0,65.6408634740709,28.465930471786265,17.892937402533775,ITA,2.019854066303902,0.0941044621069485,0.008164095283687956,0.0941044621069485,0.08675566600029622,1.0571180316668678,1175254.0,13226555.0,-0.36348660367219265
Japan,2023,4213167237905.83,124516650.0,45.1508795641248,29.069235793818997,18.63994999986707,JAP,,,,,,,1175254.0,13226555.0,-0.36348660367219265
"Korea, Rep.",2023,1712792854202.37,51712619.0,87.9396791903733,28.1691464022155,17.76121239093359,KOR,2.2576827461220805,0.15933626025156358,0.01324668256209928,0.15933626025156358,0.08313664787403148,1.2926572259875608,1175254.0,13226555.0,-0.36348660367219265
Mexico,2023,1793798859343.27,129739759.0,73.7695331207325,28.215356754741645,18.681041148186186,MEX,2.6013894576295673,0.7228010092213533,0.385890811239938,0.7228010092213533,0.5338825019843897,3.1867778234140784,1175254.0,13226555.0,-0.36348660367219265
Netherlands,2023,1154361305398.06,17877117.0,165.905457011481,27.77456832461184,16.699032073098078,NET,,,,,,,1175254.0,13226555.0,-0.36348660367219265
Russian Federation,2023,2071505725030.58,143826130.0,40.8343264105273,28.359296862172613,18.78411569745315,RUS,,,,,,1.839517973359186,1175254.0,13226555.0,-0.36348660367219265
Saudi Arabia,2023,1218584533333.33,33702731.0,54.1690118283683,27.828711082519852,17.33308943061481,SAU,2.1316890100706205,0.0038354400066498017,0.0005831405955738353,0.0038354400066498017,0.1520400774260056,,1175254.0,13226555.0,-0.36348660367219265
Spain,2023,1620090734956.89,48347910.0,72.1917288917484,28.11350327283703,17.693933552455658,SPA,,,,,,,1175254.0,13226555.0,-0.36348660367219265
Switzerland,2023,894424821645.205,8888093.0,135.32000224909,27.51944669124884,16.000223073793215,SWI,,,,,,,1175254.0,13226555.0,-0.36348660367219265
Turkiye,2023,1118252958513.72,85325965.0,66.2766047093165,27.742788724919823,18.261989362391304,TUR,1.4759917695499851,0.03790186495801685,0.011949492575337473,0.03790186495801685,0.3152745277461595,2.7670265195436676,1175254.0,13226555.0,-0.36348660367219265
United Kingdom,2023,3369861888972.88,68492000.0,65.0323382579942,28.845892876952384,18.042227508091,UNI,,,,,,,1175254.0,13226555.0,-0.36348660367219265
Australia,2024,1752193307380.34,27204809.0,47.3142290131289,28.19188943761901,17.118904317109276,AUS,1.54896642916559,0.033981039086726776,0.005460247215508083,0.033981039086726776,0.1606851162370986,3.2847608310580556,,,
Brazil,2024,2179412080828.59,211998573.0,35.5312202442457,28.410076268663975,19.17209010148156,BRA,2.4521982196837997,0.28770086038102133,0.041181097915299114,0.28770086038102133,0.14313859840655413,3.4111841277401713,,,
Canada,2024,2241253230970.34,41288599.0,65.1790339912717,28.438056303457728,17.53609696655278,CAN,3.3080046216159227,0.7738015528628146,0.4681181305177835,0.7738015528628146,0.6049588926074112,0.5978040428491094,,,
China,2024,18743803170827.2,1408975000.0,37.1984201388623,30.561884316162732,21.066128326625343,CHI,,,,,,,,,
France,2024,3162079073495.78,68516699.0,67.2229707568101,28.78225086183382,18.042588054544588,FRA,1.992922076565725,0.16538036810142753,0.015217416511671097,0.16538036810142753,0.09201464893546663,2.2370984191349716,,,
Germany,2024,4659929336890.62,83510950.0,80.3446714019595,29.17002140019375,18.240488318947836,GER,,,,,,,,,
Indonesia,2024,1396300098190.97,283487931.0,42.572647301834,27.964847067216816,19.46268010879732,IND,1.963772074787189,0.0941750515535853,0.008170761996279483,0.0941750515535853,0.08676142844084715,5.383922282888277,,,
Italy,2024,2372774547793.12,58986023.0,63.1760890612347,28.49508108161759,17.892811075500074,ITA,1.7399829472137278,0.08135862259816408,0.006682905134471282,0.08135862259816408,0.08214132591057517,1.051163631256029,,,
Japan,2024,4026210821146.81,123975371.0,,29.02384680668991,18.635593482873812,JAP,,,,,,,,,
"Korea, Rep.",2024,,51751065.0,,,17.761955569608137,KOR,2.1157100598190297,0.1759389811042757,0.015699618068633875,0.1759389811042757,0.08923331242511294,1.2200713031890587,,,
Mexico,2024,1852722885258.11,130861007.0,74.7115956058691,28.247677502808077,18.689646302623085,MEX,2.729214943537364,0.938149665097592,0.8263469378659181,0.938149665097592,0.8808263421166989,3.1951235958939943,,,
Netherlands,2024,1227543925316.41,17994237.0,156.173668455139,27.836036480346664,16.705562097929484,NET,,,,,,,,,
Russian Federation,2024,2173835806671.66,143533851.0,39.5081647660396,28.40751437586534,18.782081460815373,RUS,,,,,,1.7483077407468923,,,
Saudi Arabia,2024,1237529866666.67,35300280.0,54.8044847186988,27.84413846577816,17.3794014538834,SAU,2.143689454488215,0.0054054986016103665,0.001038636251766226,0.0054054986016103665,0.1921443937580158,,,,
Spain,2024,1722745978335.16,48807137.0,70.3050400627785,28.174940632736167,17.70338711012989,SPA,,,,,,,,,
Switzerland,2024,936564198048.516,9034102.0,134.09514852061,27.56548390752057,16.016517085812602,SWI,,,,,,,,,
Turkiye,2024,1323254808058.74,85518661.0,55.8217844527219,27.911115581200477,18.26424516740227,TUR,1.6935821334029841,0.04629453122197891,0.012622163506643599,0.04629453122197891,0.27264912665647795,2.612578973129855,,,
United Kingdom,2024,3643834188782.91,69226000.0,62.4075013968837,28.9240575917616,18.05288707256521,UNI,,,,,,,,,
